scenario,workers,baseline,repetitions,mean_paired_throughput_ratio,bootstrap95_low,bootstrap95_high
burst_requests,1,fifo_blocking,10,1.0209939890953121,0.9906975594378183,1.0540150865410767
burst_requests,1,retry_tail,10,1.0564451042235155,1.0067424133306127,1.1091233661054911
burst_requests,3,fifo_blocking,10,1.068114339951236,1.043384314394458,1.0926238569069588
burst_requests,3,retry_tail,10,1.047372391945084,1.0127984018050062,1.082864164643834
burst_requests,6,fifo_blocking,10,0.9935833550169402,0.956293275844281,1.0176029116287226
burst_requests,6,retry_tail,10,1.0073863646528491,0.9676513329978913,1.0350840658221212
clustered_rounds,1,fifo_blocking,10,1.0001736674737,0.9610752656453384,1.0444630907830885
clustered_rounds,1,retry_tail,10,0.9942144325222063,0.9542193317620262,1.0429009829546918
clustered_rounds,3,fifo_blocking,10,2.9023574470540994,2.851478928630857,2.951223957796834
clustered_rounds,3,retry_tail,10,2.3143508264280386,2.1737800696112672,2.480864549514917
clustered_rounds,6,fifo_blocking,10,2.777660061063996,2.7525969802828913,2.805946048650868
clustered_rounds,6,retry_tail,10,1.7961390478787311,1.7002493857711543,1.924172738889028
mixed_services,1,fifo_blocking,10,0.996611782485411,0.9615629661208448,1.0308232727764857
mixed_services,1,retry_tail,10,0.9977941955246846,0.9695663290954052,1.0231082406319572
mixed_services,3,fifo_blocking,10,1.614449732667352,1.5430123411153336,1.6764785123632955
mixed_services,3,retry_tail,10,1.1994112164069723,1.1493104267950562,1.2636198962760827
mixed_services,6,fifo_blocking,10,1.230581210316771,1.1800707085706768,1.2911417742002573
mixed_services,6,retry_tail,10,1.0906354726329233,1.0575558992406493,1.1273959456325255
multi_ward,1,fifo_blocking,10,0.9754438730565866,0.9315354474755884,1.027507637139299
multi_ward,1,retry_tail,10,1.006017933226386,0.9490852753323182,1.063829409733886
multi_ward,3,fifo_blocking,10,1.1899486031639794,1.163717583156088,1.2154185029992015
multi_ward,3,retry_tail,10,1.0818200290418896,1.063099352730794,1.101640120887671
multi_ward,6,fifo_blocking,10,1.59745251840774,1.5596876818853427,1.6300506094442668
multi_ward,6,retry_tail,10,1.397564036451076,1.371294179958457,1.426614204572871
pharmacy_hotspot,1,fifo_blocking,10,0.9762225822706757,0.945341528947828,0.9995919769981783
pharmacy_hotspot,1,retry_tail,10,1.0294089492630671,0.9852971878661874,1.0750004629630254
pharmacy_hotspot,3,fifo_blocking,10,0.977313268051987,0.9602252947283241,0.9941948040013404
pharmacy_hotspot,3,retry_tail,10,1.0526694542265111,1.012314735348434,1.09248062313222
pharmacy_hotspot,6,fifo_blocking,10,0.9603635216478082,0.9204329694696394,0.9991031239732621
pharmacy_hotspot,6,retry_tail,10,0.9759140245914042,0.924161742870411,1.0205730038810268
ward_delivery,1,fifo_blocking,10,0.9966534832465355,0.9635073541013393,1.0270696294568118
ward_delivery,1,retry_tail,10,1.0090196539557137,0.9787171174674422,1.0485931355416926
ward_delivery,3,fifo_blocking,10,1.493356499438941,1.4711518266156711,1.5186658662546013
ward_delivery,3,retry_tail,10,1.3254410199661804,1.257856045069124,1.4277112839521071
ward_delivery,6,fifo_blocking,10,1.1795386098571519,1.1401920679794637,1.2249007738751347
ward_delivery,6,retry_tail,10,1.1015636350317535,1.0764214360873767,1.1267989777049603
