order,scenario,policy,workers,repetition,seed,tasks,zones,elapsed_ms,throughput_tasks_s,p95_response_ms,p95_wait_ms,zone_denials,zone_attempts,jain_fairness,completed,remaining,missing,duplicates,overlaps
1,ward_delivery,fifo_blocking,1,1,20261106,120,3,1246.827200,96.244291,1184.863000,1174.490800,0,120,1.00000000,120,0,0,0,0
2,pharmacy_hotspot,fifo_blocking,6,1,20261107,120,3,995.566800,120.534353,933.332400,923.128000,0,120,0.90022506,120,0,0,0,0
3,clustered_rounds,retry_tail,3,1,20261109,120,3,925.116500,129.713393,896.741800,886.602600,953,1073,0.99461252,120,0,0,0,0
4,multi_ward,ready_scan,6,1,20261111,120,6,211.869300,566.386919,201.230100,191.062000,240,360,1.00000000,120,0,0,0,0
5,burst_requests,ready_scan,3,1,20261110,120,3,553.938000,216.630742,157.434700,147.021200,245,365,1.00000000,120,0,0,0,0
6,burst_requests,fifo_blocking,3,1,20261110,120,3,600.291800,199.902781,199.984000,188.386700,0,120,0.98969072,120,0,0,0,0
7,ward_delivery,retry_tail,3,1,20261106,120,3,732.934500,163.725408,686.777200,669.353000,183,303,0.99958351,120,0,0,0,0
8,pharmacy_hotspot,ready_scan,3,1,20261107,120,3,1083.057300,110.797462,1019.242100,1008.710600,848,968,0.64568200,120,0,0,0,0
9,mixed_services,fifo_blocking,1,1,20261108,120,3,2235.537600,53.678364,2158.857300,2153.471900,0,120,1.00000000,120,0,0,0,0
10,multi_ward,retry_tail,6,1,20261111,120,6,289.838100,414.024243,267.243500,256.915600,245,365,0.99667774,120,0,0,0,0
11,ward_delivery,retry_tail,1,1,20261106,120,3,1333.557300,89.984885,1250.455700,1240.074800,0,120,1.00000000,120,0,0,0,0
12,clustered_rounds,fifo_blocking,1,1,20261109,120,3,1308.590100,91.701748,1244.543800,1233.870900,0,120,1.00000000,120,0,0,0,0
13,clustered_rounds,fifo_blocking,6,1,20261109,120,3,1157.515900,103.670282,1094.521400,1083.839600,0,120,0.50356693,120,0,0,0,0
14,multi_ward,fifo_blocking,3,1,20261111,120,6,525.112700,228.522372,493.629000,483.490000,0,120,0.99958351,120,0,0,0,0
15,multi_ward,fifo_blocking,1,1,20261111,120,6,1272.809000,94.279660,1209.160200,1198.511100,0,120,1.00000000,120,0,0,0,0
16,clustered_rounds,ready_scan,3,1,20261109,120,3,431.313900,278.219645,409.993600,399.281800,118,238,1.00000000,120,0,0,0,0
17,ward_delivery,fifo_blocking,6,1,20261106,120,3,560.869500,213.953513,538.906900,527.668800,0,120,0.93970243,120,0,0,0,0
18,mixed_services,ready_scan,6,1,20261108,120,3,771.783700,155.483978,750.070500,720.540400,3411,3531,0.50000000,120,0,0,0,0
19,pharmacy_hotspot,ready_scan,1,1,20261107,120,3,1277.555800,93.929361,1214.459900,1203.788700,0,120,1.00000000,120,0,0,0,0
20,mixed_services,retry_tail,6,1,20261108,120,3,773.904100,155.057972,754.561600,719.657600,1469,1589,0.95313741,120,0,0,0,0
21,ward_delivery,ready_scan,3,1,20261106,120,3,419.763200,285.875465,399.211600,388.662800,98,218,1.00000000,120,0,0,0,0
22,clustered_rounds,ready_scan,1,1,20261109,120,3,1337.055200,89.749473,1251.400200,1240.324600,0,120,1.00000000,120,0,0,0,0
23,clustered_rounds,ready_scan,6,1,20261109,120,3,421.756000,284.524701,400.712600,390.171100,2278,2398,0.50000000,120,0,0,0,0
24,ward_delivery,ready_scan,6,1,20261106,120,3,429.541700,279.367521,406.222300,394.015100,2208,2328,0.59731210,120,0,0,0,0
25,pharmacy_hotspot,retry_tail,3,1,20261107,120,3,1038.619800,115.537948,968.500100,958.019900,886,1006,0.52219321,120,0,0,0,0
26,burst_requests,fifo_blocking,6,1,20261110,120,3,570.378400,210.386649,158.496600,147.960100,0,120,0.95162569,120,0,0,0,0
27,burst_requests,retry_tail,6,1,20261110,120,3,577.558800,207.771053,173.825300,163.086600,877,997,0.97640358,120,0,0,0,0
28,multi_ward,ready_scan,3,1,20261111,120,6,447.752700,268.005084,413.062900,401.120600,67,187,0.99958351,120,0,0,0,0
29,pharmacy_hotspot,ready_scan,6,1,20261107,120,3,1084.593700,110.640510,1015.776800,1004.601000,2550,2670,0.51993068,120,0,0,0,0
30,mixed_services,fifo_blocking,6,1,20261108,120,3,916.486000,130.934897,892.445400,852.877600,0,120,0.97640358,120,0,0,0,0
31,mixed_services,ready_scan,3,1,20261108,120,3,778.696200,154.103744,761.297800,734.579600,107,227,1.00000000,120,0,0,0,0
32,multi_ward,retry_tail,3,1,20261111,120,6,480.779400,249.594721,457.314300,443.354400,66,186,0.99875156,120,0,0,0,0
33,burst_requests,ready_scan,6,1,20261110,120,3,551.403500,217.626475,156.060800,145.652600,2395,2515,0.65681445,120,0,0,0,0
34,ward_delivery,fifo_blocking,3,1,20261106,120,3,629.444400,190.644321,598.547300,588.163300,0,120,0.99626401,120,0,0,0,0
35,pharmacy_hotspot,fifo_blocking,3,1,20261107,120,3,999.374900,120.075059,946.711200,936.387400,0,120,0.94974278,120,0,0,0,0
36,ward_delivery,retry_tail,6,1,20261106,120,3,473.881100,253.228078,445.122500,434.515000,945,1065,0.96696213,120,0,0,0,0
37,burst_requests,retry_tail,1,1,20261110,120,3,1452.219900,82.632114,977.973300,967.607900,0,120,1.00000000,120,0,0,0,0
38,burst_requests,fifo_blocking,1,1,20261110,120,3,1257.880000,95.398607,795.015200,784.420400,0,120,1.00000000,120,0,0,0,0
39,burst_requests,ready_scan,1,1,20261110,120,3,1259.608000,95.267734,796.650700,786.106700,0,120,1.00000000,120,0,0,0,0
40,multi_ward,fifo_blocking,6,1,20261111,120,6,348.188600,344.640807,327.007900,316.672000,0,120,0.97244733,120,0,0,0,0
41,multi_ward,ready_scan,1,1,20261111,120,6,1455.892500,82.423668,1366.090300,1354.699800,0,120,1.00000000,120,0,0,0,0
42,pharmacy_hotspot,retry_tail,1,1,20261107,120,3,1355.036400,88.558507,1292.413100,1281.886300,0,120,1.00000000,120,0,0,0,0
43,multi_ward,retry_tail,1,1,20261111,120,6,1261.847800,95.098632,1198.636100,1188.332000,0,120,1.00000000,120,0,0,0,0
44,pharmacy_hotspot,retry_tail,6,1,20261107,120,3,1005.953000,119.289867,943.463100,933.260300,2933,3053,0.63357973,120,0,0,0,0
45,ward_delivery,ready_scan,1,1,20261106,120,3,1329.649400,90.249354,1264.456500,1254.184100,0,120,1.00000000,120,0,0,0,0
46,clustered_rounds,retry_tail,6,1,20261109,120,3,732.555000,163.810226,698.939500,688.243800,1611,1731,0.97879282,120,0,0,0,0
47,clustered_rounds,retry_tail,1,1,20261109,120,3,1303.333400,92.071607,1236.171100,1225.607800,0,120,1.00000000,120,0,0,0,0
48,mixed_services,fifo_blocking,3,1,20261108,120,3,1077.798200,111.338097,1038.162100,1032.372700,0,120,0.99502488,120,0,0,0,0
49,mixed_services,retry_tail,1,1,20261108,120,3,2340.238600,51.276823,2250.076400,2242.556500,0,120,1.00000000,120,0,0,0,0
50,mixed_services,retry_tail,3,1,20261108,120,3,882.747900,135.939151,863.619800,847.958000,234,354,0.99958351,120,0,0,0,0
51,mixed_services,ready_scan,1,1,20261108,120,3,2276.236000,52.718611,2202.519000,2196.960600,0,120,1.00000000,120,0,0,0,0
52,clustered_rounds,fifo_blocking,3,1,20261109,120,3,1231.339400,97.454853,1166.158100,1155.670300,0,120,0.68239977,120,0,0,0,0
53,burst_requests,retry_tail,3,1,20261110,120,3,614.533100,195.270198,204.343000,193.243800,208,328,0.99626401,120,0,0,0,0
54,pharmacy_hotspot,fifo_blocking,1,1,20261107,120,3,1261.929800,95.092453,1198.010400,1187.496600,0,120,1.00000000,120,0,0,0,0
55,mixed_services,ready_scan,3,2,20261208,120,3,750.152700,159.967431,727.060400,704.331300,111,231,0.99337748,120,0,0,0,0
56,burst_requests,retry_tail,1,2,20261210,120,3,1323.292500,90.682899,857.891500,847.661900,0,120,1.00000000,120,0,0,0,0
57,ward_delivery,retry_tail,6,2,20261206,120,3,465.851900,257.592595,442.376800,425.715800,895,1015,0.95313741,120,0,0,0,0
58,burst_requests,fifo_blocking,3,2,20261210,120,3,649.799000,184.672491,222.961000,211.010400,0,120,0.99958351,120,0,0,0,0
59,burst_requests,fifo_blocking,6,2,20261210,120,3,574.976200,208.704291,168.644300,157.023600,0,120,0.97879282,120,0,0,0,0
60,pharmacy_hotspot,ready_scan,6,2,20261207,120,3,1004.029300,119.518424,942.170600,932.065500,3417,3537,0.50590219,120,0,0,0,0
61,pharmacy_hotspot,retry_tail,6,2,20261207,120,3,1047.598300,114.547723,981.492700,970.189600,2634,2754,0.78688525,120,0,0,0,0
62,pharmacy_hotspot,fifo_blocking,3,2,20261207,120,3,1004.062600,119.514461,942.121300,931.709400,0,120,0.85197018,120,0,0,0,0
63,clustered_rounds,retry_tail,6,2,20261209,120,3,742.638300,161.586064,693.417800,677.224600,1914,2034,0.97087379,120,0,0,0,0
64,clustered_rounds,fifo_blocking,3,2,20261209,120,3,1267.370100,94.684260,1204.728800,1194.406600,0,120,0.60316662,120,0,0,0,0
65,multi_ward,retry_tail,1,2,20261211,120,6,1256.338000,95.515697,1194.112700,1183.669500,0,120,1.00000000,120,0,0,0,0
66,mixed_services,fifo_blocking,6,2,20261208,120,3,860.272600,139.490668,794.046000,780.125900,0,120,0.98199673,120,0,0,0,0
67,mixed_services,fifo_blocking,1,2,20261208,120,3,2373.726600,50.553421,2292.776800,2282.227400,0,120,1.00000000,120,0,0,0,0
68,mixed_services,retry_tail,1,2,20261208,120,3,2255.637100,53.200047,2172.023600,2159.606300,0,120,1.00000000,120,0,0,0,0
69,burst_requests,retry_tail,3,2,20261210,120,3,593.194100,202.294662,172.257700,161.949600,193,313,0.99709182,120,0,0,0,0
70,ward_delivery,retry_tail,3,2,20261206,120,3,520.921100,230.361181,497.586400,487.244300,186,306,0.99958351,120,0,0,0,0
71,mixed_services,fifo_blocking,3,2,20261208,120,3,1266.451300,94.752953,1190.596200,1176.563800,0,120,0.99709182,120,0,0,0,0
72,pharmacy_hotspot,ready_scan,3,2,20261207,120,3,1036.717200,115.749985,973.269500,962.814700,944,1064,0.77344505,120,0,0,0,0
73,multi_ward,retry_tail,6,2,20261211,120,6,288.337500,416.178957,276.181400,265.631400,268,388,0.99750623,120,0,0,0,0
74,mixed_services,retry_tail,3,2,20261208,120,3,856.132500,140.165220,835.018700,814.762000,172,292,0.99461252,120,0,0,0,0
75,pharmacy_hotspot,ready_scan,1,2,20261207,120,3,1267.834700,94.649563,1203.937900,1193.336800,0,120,1.00000000,120,0,0,0,0
76,multi_ward,fifo_blocking,6,2,20261211,120,6,327.728300,366.156966,316.249200,305.923900,0,120,0.99585062,120,0,0,0,0
77,multi_ward,ready_scan,3,2,20261211,120,6,420.239500,285.551453,399.420800,388.896200,56,176,1.00000000,120,0,0,0,0
78,pharmacy_hotspot,retry_tail,1,2,20261207,120,3,1450.933400,82.705381,1388.702700,1377.923700,0,120,1.00000000,120,0,0,0,0
79,clustered_rounds,ready_scan,6,2,20261209,120,3,423.211100,283.546438,402.118800,391.508400,2386,2506,0.61570036,120,0,0,0,0
80,burst_requests,ready_scan,1,2,20261210,120,3,1275.901800,94.051125,812.852900,802.414100,0,120,1.00000000,120,0,0,0,0
81,mixed_services,retry_tail,6,2,20261208,120,3,797.737400,150.425441,725.768400,713.592100,1478,1598,0.99255583,120,0,0,0,0
82,clustered_rounds,retry_tail,1,2,20261209,120,3,1283.455300,93.497608,1203.021800,1190.476700,0,120,1.00000000,120,0,0,0,0
83,clustered_rounds,fifo_blocking,6,2,20261209,120,3,1214.142900,98.835154,1151.135300,1140.721400,0,120,0.62500000,120,0,0,0,0
84,ward_delivery,ready_scan,1,2,20261206,120,3,1256.620700,95.494209,1193.226100,1182.629400,0,120,1.00000000,120,0,0,0,0
85,multi_ward,fifo_blocking,1,2,20261211,120,6,1257.895300,95.397447,1194.520200,1183.797400,0,120,1.00000000,120,0,0,0,0
86,burst_requests,retry_tail,6,2,20261210,120,3,576.562600,208.130045,154.632200,144.095500,973,1093,0.96774194,120,0,0,0,0
87,clustered_rounds,fifo_blocking,1,2,20261209,120,3,1509.684100,79.486828,1432.536100,1421.198000,0,120,1.00000000,120,0,0,0,0
88,pharmacy_hotspot,fifo_blocking,1,2,20261207,120,3,1268.163700,94.625008,1205.053600,1194.871000,0,120,1.00000000,120,0,0,0,0
89,clustered_rounds,ready_scan,3,2,20261209,120,3,420.671600,285.258144,399.685400,389.426900,119,239,1.00000000,120,0,0,0,0
90,ward_delivery,fifo_blocking,3,2,20261206,120,3,607.524400,197.522931,564.222100,553.534100,0,120,0.99958351,120,0,0,0,0
91,ward_delivery,ready_scan,6,2,20261206,120,3,454.108200,264.254202,420.842600,410.174100,1918,2038,0.78074170,120,0,0,0,0
92,multi_ward,retry_tail,3,2,20261211,120,6,460.897400,260.361634,432.003300,421.590100,62,182,1.00000000,120,0,0,0,0
93,multi_ward,ready_scan,1,2,20261211,120,6,1364.534400,87.942085,1292.519500,1275.018700,0,120,1.00000000,120,0,0,0,0
94,clustered_rounds,ready_scan,1,2,20261209,120,3,1305.630300,91.909632,1243.649200,1233.432200,0,120,1.00000000,120,0,0,0,0
95,clustered_rounds,retry_tail,3,2,20261209,120,3,920.120900,130.417644,898.049900,887.681200,899,1019,0.98724805,120,0,0,0,0
96,ward_delivery,ready_scan,3,2,20261206,120,3,418.329900,286.854944,397.223400,386.726800,109,229,1.00000000,120,0,0,0,0
97,burst_requests,ready_scan,3,2,20261210,120,3,572.474300,209.616397,147.656600,136.921200,227,347,0.99461252,120,0,0,0,0
98,pharmacy_hotspot,fifo_blocking,6,2,20261207,120,3,1005.127200,119.387874,942.620700,931.491200,0,120,0.79946702,120,0,0,0,0
99,pharmacy_hotspot,retry_tail,3,2,20261207,120,3,1095.407100,109.548313,1025.801400,1015.379400,688,808,0.52310375,120,0,0,0,0
100,ward_delivery,fifo_blocking,6,2,20261206,120,3,532.797400,225.226324,490.017100,479.673100,0,120,0.96076861,120,0,0,0,0
101,mixed_services,ready_scan,6,2,20261208,120,3,739.915100,162.180769,722.805900,700.945100,4115,4235,0.65537957,120,0,0,0,0
102,multi_ward,ready_scan,6,2,20261211,120,6,210.166800,570.975054,199.769900,189.297700,240,360,1.00000000,120,0,0,0,0
103,ward_delivery,fifo_blocking,1,2,20261206,120,3,1269.546600,94.521934,1206.535000,1196.067700,0,120,1.00000000,120,0,0,0,0
104,burst_requests,fifo_blocking,1,2,20261210,120,3,1292.194700,92.865262,829.035900,818.662400,0,120,1.00000000,120,0,0,0,0
105,ward_delivery,retry_tail,1,2,20261206,120,3,1453.753100,82.544966,1387.549700,1377.186100,0,120,1.00000000,120,0,0,0,0
106,mixed_services,ready_scan,1,2,20261208,120,3,2224.970200,53.933307,2146.491700,2136.153800,0,120,1.00000000,120,0,0,0,0
107,burst_requests,ready_scan,6,2,20261210,120,3,568.108000,211.227443,147.138000,136.790100,2404,2524,0.77569489,120,0,0,0,0
108,multi_ward,fifo_blocking,3,2,20261211,120,6,512.466200,234.161785,491.245300,480.895600,0,120,0.99958351,120,0,0,0,0
109,mixed_services,fifo_blocking,1,3,20261308,120,3,2417.306900,49.642021,2278.747600,2268.219500,0,120,1.00000000,120,0,0,0,0
110,ward_delivery,ready_scan,6,3,20261306,120,3,422.939100,283.728792,401.902600,391.109700,2266,2386,0.79787234,120,0,0,0,0
111,mixed_services,ready_scan,6,3,20261308,120,3,743.854500,161.321871,692.368900,683.366500,3940,4060,0.81245768,120,0,0,0,0
112,ward_delivery,fifo_blocking,3,3,20261306,120,3,617.100000,194.457948,586.081800,575.644600,0,120,0.98239869,120,0,0,0,0
113,multi_ward,fifo_blocking,6,3,20261311,120,6,342.952100,349.903091,332.640500,322.173900,0,120,0.95693780,120,0,0,0,0
114,mixed_services,fifo_blocking,3,3,20261308,120,3,1187.643900,101.040388,1124.722300,1091.868100,0,120,0.99958351,120,0,0,0,0
115,burst_requests,ready_scan,1,3,20261310,120,3,1336.366100,89.795753,872.326300,861.944700,0,120,1.00000000,120,0,0,0,0
116,pharmacy_hotspot,ready_scan,1,3,20261307,120,3,1265.522500,94.822494,1202.233700,1191.931600,0,120,1.00000000,120,0,0,0,0
117,clustered_rounds,retry_tail,6,3,20261309,120,3,723.273900,165.912250,694.757900,683.456500,1855,1975,0.98039216,120,0,0,0,0
118,multi_ward,retry_tail,6,3,20261311,120,6,306.061300,392.078319,273.227000,262.736200,325,445,0.97719870,120,0,0,0,0
119,ward_delivery,ready_scan,1,3,20261306,120,3,1282.603300,93.559716,1219.109900,1207.968300,0,120,1.00000000,120,0,0,0,0
120,multi_ward,ready_scan,1,3,20261311,120,6,1261.527200,95.122800,1198.169000,1187.820000,0,120,1.00000000,120,0,0,0,0
121,clustered_rounds,retry_tail,3,3,20261309,120,3,926.587900,129.507411,903.982500,893.454600,936,1056,0.99502488,120,0,0,0,0
122,ward_delivery,fifo_blocking,1,3,20261306,120,3,1275.127200,94.108258,1209.384800,1198.748800,0,120,1.00000000,120,0,0,0,0
123,multi_ward,fifo_blocking,3,3,20261311,120,6,502.033500,239.027874,480.841700,470.439900,0,120,0.99958351,120,0,0,0,0
124,multi_ward,retry_tail,1,3,20261311,120,6,1427.790000,84.045973,1362.461100,1351.746200,0,120,1.00000000,120,0,0,0,0
125,mixed_services,fifo_blocking,6,3,20261308,120,3,911.474600,131.654793,832.615400,821.861800,0,120,0.98684211,120,0,0,0,0
126,burst_requests,retry_tail,3,3,20261310,120,3,667.401800,179.801733,236.419100,225.849300,131,251,0.99461252,120,0,0,0,0
127,clustered_rounds,retry_tail,1,3,20261309,120,3,1258.118900,95.380492,1193.914000,1183.657600,0,120,1.00000000,120,0,0,0,0
128,pharmacy_hotspot,fifo_blocking,3,3,20261307,120,3,999.818400,120.021796,947.911200,937.566100,0,120,0.98481740,120,0,0,0,0
129,pharmacy_hotspot,ready_scan,6,3,20261307,120,3,1022.957900,117.306880,949.936200,939.331800,3185,3305,0.29062727,120,0,0,0,0
130,clustered_rounds,ready_scan,3,3,20261309,120,3,421.236900,284.875328,400.333400,390.177000,119,239,1.00000000,120,0,0,0,0
131,pharmacy_hotspot,retry_tail,6,3,20261307,120,3,1015.381200,118.182216,952.127200,941.772700,2902,3022,0.47225502,120,0,0,0,0
132,pharmacy_hotspot,retry_tail,3,3,20261307,120,3,1017.143900,117.977407,954.284600,943.447800,1053,1173,0.97879282,120,0,0,0,0
133,multi_ward,fifo_blocking,1,3,20261311,120,6,1252.178400,95.832990,1189.934300,1179.615300,0,120,1.00000000,120,0,0,0,0
134,clustered_rounds,ready_scan,1,3,20261309,120,3,1260.513300,95.199313,1198.116200,1187.555000,0,120,1.00000000,120,0,0,0,0
135,multi_ward,ready_scan,6,3,20261311,120,6,208.744600,574.865170,198.082000,187.688800,256,376,1.00000000,120,0,0,0,0
136,pharmacy_hotspot,fifo_blocking,6,3,20261307,120,3,996.696600,120.397722,944.936600,934.630800,0,120,0.71005917,120,0,0,0,0
137,ward_delivery,retry_tail,1,3,20261306,120,3,1250.840100,95.935524,1188.763300,1178.434500,0,120,1.00000000,120,0,0,0,0
138,pharmacy_hotspot,fifo_blocking,1,3,20261307,120,3,1246.323800,96.283165,1183.658900,1173.364000,0,120,1.00000000,120,0,0,0,0
139,burst_requests,ready_scan,6,3,20261310,120,3,579.773400,206.977416,148.716400,137.987800,2195,2315,0.69084629,120,0,0,0,0
140,burst_requests,fifo_blocking,3,3,20261310,120,3,598.567700,200.478576,187.222300,176.710400,0,120,0.99958351,120,0,0,0,0
141,mixed_services,retry_tail,1,3,20261308,120,3,2233.898300,53.717754,2095.302600,2084.866200,0,120,1.00000000,120,0,0,0,0
142,multi_ward,retry_tail,3,3,20261311,120,6,474.113800,253.103791,442.244000,431.778200,70,190,1.00000000,120,0,0,0,0
143,clustered_rounds,fifo_blocking,3,3,20261309,120,3,1212.361200,98.980403,1150.383700,1139.891600,0,120,0.99626401,120,0,0,0,0
144,clustered_rounds,fifo_blocking,1,3,20261309,120,3,1311.917400,91.469173,1249.428000,1239.078400,0,120,1.00000000,120,0,0,0,0
145,mixed_services,ready_scan,1,3,20261308,120,3,2226.313800,53.900757,2088.973000,2078.615500,0,120,1.00000000,120,0,0,0,0
146,mixed_services,retry_tail,3,3,20261308,120,3,844.717200,142.059378,823.606900,795.882400,202,322,0.99502488,120,0,0,0,0
147,clustered_rounds,ready_scan,6,3,20261309,120,3,419.341900,286.162675,398.479500,388.111500,2331,2451,0.62337662,120,0,0,0,0
148,ward_delivery,ready_scan,3,3,20261306,120,3,417.365800,287.517569,395.601800,385.230800,99,219,1.00000000,120,0,0,0,0
149,burst_requests,fifo_blocking,6,3,20261310,120,3,577.392600,207.830859,159.181300,148.690300,0,120,0.98846787,120,0,0,0,0
150,pharmacy_hotspot,retry_tail,1,3,20261307,120,3,1332.147000,90.080149,1256.875500,1246.326200,0,120,1.00000000,120,0,0,0,0
151,multi_ward,ready_scan,3,3,20261311,120,6,434.710600,276.045719,406.126100,395.203800,62,182,0.99958351,120,0,0,0,0
152,ward_delivery,retry_tail,6,3,20261306,120,3,494.568200,242.635899,462.514500,451.657500,833,953,0.99009901,120,0,0,0,0
153,burst_requests,retry_tail,1,3,20261310,120,3,1328.481900,90.328668,860.303700,847.981200,0,120,1.00000000,120,0,0,0,0
154,burst_requests,retry_tail,6,3,20261310,120,3,581.522300,206.354941,154.747400,144.296500,1026,1146,0.98846787,120,0,0,0,0
155,pharmacy_hotspot,ready_scan,3,3,20261307,120,3,1063.360400,112.849792,995.003400,983.522000,859,979,0.76628352,120,0,0,0,0
156,mixed_services,retry_tail,6,3,20261308,120,3,820.013200,146.339108,769.073700,754.503400,1333,1453,0.98765432,120,0,0,0,0
157,burst_requests,fifo_blocking,1,3,20261310,120,3,1260.110600,95.229736,796.866500,786.338900,0,120,1.00000000,120,0,0,0,0
158,ward_delivery,fifo_blocking,6,3,20261306,120,3,492.351200,243.728460,469.952100,459.542500,0,120,0.92879257,120,0,0,0,0
159,ward_delivery,retry_tail,3,3,20261306,120,3,545.881000,219.828131,503.536300,492.895900,224,344,0.99833611,120,0,0,0,0
160,clustered_rounds,fifo_blocking,6,3,20261309,120,3,1154.386000,103.951365,1086.156100,1075.915600,0,120,0.69124424,120,0,0,0,0
161,mixed_services,ready_scan,3,3,20261308,120,3,775.089700,154.820790,729.305700,711.493700,103,223,1.00000000,120,0,0,0,0
162,burst_requests,ready_scan,3,3,20261310,120,3,578.608800,207.394011,147.354700,136.817600,203,323,0.99875156,120,0,0,0,0
163,clustered_rounds,retry_tail,6,4,20261409,120,3,755.724900,158.787940,734.105800,723.235300,1887,2007,0.98846787,120,0,0,0,0
164,clustered_rounds,fifo_blocking,1,4,20261409,120,3,1257.902300,95.396916,1195.879700,1185.496400,0,120,1.00000000,120,0,0,0,0
165,mixed_services,ready_scan,1,4,20261408,120,3,2270.577100,52.850000,2154.129300,2147.494800,0,120,1.00000000,120,0,0,0,0
166,mixed_services,fifo_blocking,6,4,20261408,120,3,982.552900,122.130829,895.559800,884.944700,0,120,0.98039216,120,0,0,0,0
167,burst_requests,retry_tail,6,4,20261410,120,3,567.894800,211.306742,152.000300,141.670000,847,967,0.97008892,120,0,0,0,0
168,burst_requests,ready_scan,1,4,20261410,120,3,1269.394800,94.533237,802.273300,791.363500,0,120,1.00000000,120,0,0,0,0
169,ward_delivery,retry_tail,1,4,20261406,120,3,1258.449100,95.355466,1190.108000,1179.629200,0,120,1.00000000,120,0,0,0,0
170,multi_ward,ready_scan,6,4,20261411,120,6,215.960400,555.657426,203.605300,193.080000,244,364,1.00000000,120,0,0,0,0
171,burst_requests,fifo_blocking,3,4,20261410,120,3,580.518100,206.711901,186.962200,176.577600,0,120,0.98724805,120,0,0,0,0
172,ward_delivery,fifo_blocking,3,4,20261406,120,3,613.800600,195.503230,582.798100,572.370300,0,120,0.99833611,120,0,0,0,0
173,clustered_rounds,ready_scan,3,4,20261409,120,3,416.275900,288.270351,395.413300,384.921400,118,238,1.00000000,120,0,0,0,0
174,burst_requests,ready_scan,6,4,20261410,120,3,557.792700,215.133687,146.012900,135.537600,2246,2366,0.76775432,120,0,0,0,0
175,pharmacy_hotspot,fifo_blocking,3,4,20261407,120,3,1002.024000,119.757611,936.599400,926.075700,0,120,0.84715849,120,0,0,0,0
176,multi_ward,fifo_blocking,6,4,20261411,120,6,318.242600,377.070826,297.498400,286.612400,0,120,0.97560976,120,0,0,0,0
177,ward_delivery,ready_scan,1,4,20261406,120,3,1271.086000,94.407459,1204.740800,1187.637400,0,120,1.00000000,120,0,0,0,0
178,clustered_rounds,ready_scan,1,4,20261409,120,3,1424.403700,84.245779,1355.495400,1344.699000,0,120,1.00000000,120,0,0,0,0
179,mixed_services,ready_scan,3,4,20261408,120,3,753.406000,159.276672,702.018800,692.211900,110,230,1.00000000,120,0,0,0,0
180,ward_delivery,fifo_blocking,1,4,20261406,120,3,1253.664800,95.719366,1191.136000,1180.524700,0,120,1.00000000,120,0,0,0,0
181,pharmacy_hotspot,ready_scan,1,4,20261407,120,3,1263.885300,94.945325,1201.843700,1191.497400,0,120,1.00000000,120,0,0,0,0
182,clustered_rounds,fifo_blocking,6,4,20261409,120,3,1168.163200,102.725373,1101.315500,1090.770500,0,120,0.68415051,120,0,0,0,0
183,pharmacy_hotspot,fifo_blocking,1,4,20261407,120,3,1255.485300,95.580570,1193.031200,1182.765400,0,120,1.00000000,120,0,0,0,0
184,clustered_rounds,ready_scan,6,4,20261409,120,3,426.151300,281.590130,405.280500,394.836500,2256,2376,0.63593005,120,0,0,0,0
185,mixed_services,retry_tail,3,4,20261408,120,3,904.271500,132.703508,857.030800,845.853500,255,375,0.99461252,120,0,0,0,0
186,pharmacy_hotspot,retry_tail,1,4,20261407,120,3,1257.767700,95.407125,1192.889400,1182.571600,0,120,1.00000000,120,0,0,0,0
187,burst_requests,fifo_blocking,1,4,20261410,120,3,1368.839400,87.665507,895.568800,883.368500,0,120,1.00000000,120,0,0,0,0
188,pharmacy_hotspot,retry_tail,3,4,20261407,120,3,1029.566100,116.553954,963.278600,952.766000,1024,1144,0.80294413,120,0,0,0,0
189,ward_delivery,ready_scan,3,4,20261406,120,3,418.451100,286.771859,397.299000,386.734900,95,215,1.00000000,120,0,0,0,0
190,mixed_services,fifo_blocking,3,4,20261408,120,3,1185.367700,101.234410,1104.935900,1088.803800,0,120,0.97442144,120,0,0,0,0
191,ward_delivery,ready_scan,6,4,20261406,120,3,414.659200,289.394278,394.040100,383.890600,2405,2525,0.54078414,120,0,0,0,0
192,ward_delivery,retry_tail,6,4,20261406,120,3,451.060300,266.039818,428.364400,418.113500,887,1007,0.97959184,120,0,0,0,0
193,pharmacy_hotspot,ready_scan,6,4,20261407,120,3,1088.716700,110.221511,1014.158500,1002.699300,2567,2687,0.26948125,120,0,0,0,0
194,clustered_rounds,fifo_blocking,3,4,20261409,120,3,1213.863500,98.857903,1150.449900,1140.035900,0,120,0.91498284,120,0,0,0,0
195,mixed_services,fifo_blocking,1,4,20261408,120,3,2226.925200,53.885959,2113.832600,2108.321000,0,120,1.00000000,120,0,0,0,0
196,mixed_services,ready_scan,6,4,20261408,120,3,747.906100,160.447949,698.775700,693.615100,3970,4090,0.87655223,120,0,0,0,0
197,multi_ward,ready_scan,3,4,20261411,120,6,437.936600,274.012266,407.013300,396.589900,66,186,0.99958351,120,0,0,0,0
198,clustered_rounds,retry_tail,1,4,20261409,120,3,1277.519600,93.932023,1213.123100,1202.767300,0,120,1.00000000,120,0,0,0,0
199,mixed_services,retry_tail,6,4,20261408,120,3,821.148600,146.136765,780.494900,752.508100,1341,1461,0.95313741,120,0,0,0,0
200,multi_ward,retry_tail,6,4,20261411,120,6,287.324200,417.646686,263.366900,253.002800,241,361,1.00000000,120,0,0,0,0
201,burst_requests,retry_tail,1,4,20261410,120,3,1293.059500,92.803154,827.642500,817.375600,0,120,1.00000000,120,0,0,0,0
202,burst_requests,ready_scan,3,4,20261410,120,3,556.291300,215.714321,145.605900,135.219100,155,275,0.99709182,120,0,0,0,0
203,burst_requests,retry_tail,3,4,20261410,120,3,599.475900,200.174853,182.309600,170.688400,167,287,0.99709182,120,0,0,0,0
204,burst_requests,fifo_blocking,6,4,20261410,120,3,560.883000,213.948364,160.126900,149.541600,0,120,0.96308186,120,0,0,0,0
205,pharmacy_hotspot,ready_scan,3,4,20261407,120,3,1007.824300,119.068373,944.375800,934.100800,1100,1220,0.50505051,120,0,0,0,0
206,pharmacy_hotspot,retry_tail,6,4,20261407,120,3,1023.809200,117.209339,960.075600,949.877200,2925,3045,0.64655172,120,0,0,0,0
207,mixed_services,retry_tail,1,4,20261408,120,3,2234.775300,53.696674,2112.429600,2107.063600,0,120,1.00000000,120,0,0,0,0
208,multi_ward,retry_tail,1,4,20261411,120,6,1294.276200,92.715913,1228.457100,1217.791400,0,120,1.00000000,120,0,0,0,0
209,multi_ward,fifo_blocking,1,4,20261411,120,6,1284.970200,93.387380,1214.436600,1203.551600,0,120,1.00000000,120,0,0,0,0
210,pharmacy_hotspot,fifo_blocking,6,4,20261407,120,3,1008.364000,119.004645,945.895900,935.538400,0,120,0.77720207,120,0,0,0,0
211,ward_delivery,fifo_blocking,6,4,20261406,120,3,471.052200,254.748837,449.877300,439.431300,0,120,0.94265515,120,0,0,0,0
212,multi_ward,ready_scan,1,4,20261411,120,6,1290.368500,92.996690,1223.140500,1211.861200,0,120,1.00000000,120,0,0,0,0
213,ward_delivery,retry_tail,3,4,20261406,120,3,548.564200,218.752883,515.735900,505.458200,172,292,0.99833611,120,0,0,0,0
214,clustered_rounds,retry_tail,3,4,20261409,120,3,906.545300,132.370660,884.483100,874.262600,838,958,0.99958351,120,0,0,0,0
215,multi_ward,fifo_blocking,3,4,20261411,120,6,499.272000,240.349950,468.639800,458.242800,0,120,0.99709182,120,0,0,0,0
216,multi_ward,retry_tail,3,4,20261411,120,6,445.637300,269.277280,423.570500,412.958600,45,165,0.99958351,120,0,0,0,0
217,pharmacy_hotspot,ready_scan,6,5,20261507,120,3,1012.822800,118.480745,950.013700,939.455000,3378,3498,0.80862534,120,0,0,0,0
218,burst_requests,fifo_blocking,1,5,20261510,120,3,1415.218600,84.792554,947.273400,936.562600,0,120,1.00000000,120,0,0,0,0
219,pharmacy_hotspot,retry_tail,1,5,20261507,120,3,1299.175800,92.366253,1229.141700,1216.186500,0,120,1.00000000,120,0,0,0,0
220,mixed_services,retry_tail,6,5,20261508,120,3,859.068800,139.686135,798.996600,792.164800,1258,1378,0.94637224,120,0,0,0,0
221,burst_requests,ready_scan,3,5,20261510,120,3,590.009900,203.386418,157.700300,147.257000,265,385,0.97680098,120,0,0,0,0
222,clustered_rounds,fifo_blocking,3,5,20261509,120,3,1205.361200,99.555220,1143.255300,1132.939200,0,120,0.70032098,120,0,0,0,0
223,multi_ward,fifo_blocking,1,5,20261511,120,6,1470.863100,81.584751,1407.061700,1396.399100,0,120,1.00000000,120,0,0,0,0
224,ward_delivery,ready_scan,1,5,20261506,120,3,1264.230100,94.919430,1200.276400,1189.901300,0,120,1.00000000,120,0,0,0,0
225,mixed_services,fifo_blocking,1,5,20261508,120,3,2230.891900,53.790146,2123.469000,2118.051200,0,120,1.00000000,120,0,0,0,0
226,multi_ward,retry_tail,1,5,20261511,120,6,1408.682900,85.185956,1340.931500,1330.073800,0,120,1.00000000,120,0,0,0,0
227,multi_ward,retry_tail,6,5,20261511,120,6,295.804100,405.673890,274.502100,263.999200,265,385,0.99420050,120,0,0,0,0
228,burst_requests,retry_tail,3,5,20261510,120,3,613.819400,195.497242,191.095600,180.868500,270,390,0.99461252,120,0,0,0,0
229,mixed_services,retry_tail,3,5,20261508,120,3,873.395300,137.394831,830.129100,815.644500,215,335,0.98846787,120,0,0,0,0
230,ward_delivery,ready_scan,6,5,20261506,120,3,421.536200,284.673060,400.707800,390.155900,2279,2399,0.51635112,120,0,0,0,0
231,multi_ward,ready_scan,3,5,20261511,120,6,437.594500,274.226481,396.384000,385.998000,100,220,0.99833611,120,0,0,0,0
232,clustered_rounds,ready_scan,3,5,20261509,120,3,416.018500,288.448711,395.172900,384.757800,117,237,1.00000000,120,0,0,0,0
233,mixed_services,fifo_blocking,6,5,20261508,120,3,904.524600,132.666375,853.381800,837.079700,0,120,0.97959184,120,0,0,0,0
234,clustered_rounds,retry_tail,3,5,20261509,120,3,1229.092400,97.633018,1191.044600,1178.500000,763,883,0.97999183,120,0,0,0,0
235,ward_delivery,fifo_blocking,3,5,20261506,120,3,644.912100,186.071869,603.345700,592.991600,0,120,0.97284151,120,0,0,0,0
236,multi_ward,ready_scan,1,5,20261511,120,6,1253.726000,95.714694,1190.405100,1180.166600,0,120,1.00000000,120,0,0,0,0
237,ward_delivery,retry_tail,1,5,20261506,120,3,1253.443900,95.736235,1191.026100,1180.627800,0,120,1.00000000,120,0,0,0,0
238,ward_delivery,fifo_blocking,6,5,20261506,120,3,493.642500,243.090901,452.290800,441.984800,0,120,0.97959184,120,0,0,0,0
239,mixed_services,fifo_blocking,3,5,20261508,120,3,1274.913500,94.124033,1215.265300,1203.520000,0,120,0.99502488,120,0,0,0,0
240,multi_ward,retry_tail,3,5,20261511,120,6,468.074600,256.369391,447.273800,436.535400,76,196,0.99958351,120,0,0,0,0
241,burst_requests,retry_tail,6,5,20261510,120,3,591.774500,202.779944,166.294300,155.916700,1109,1229,0.97640358,120,0,0,0,0
242,ward_delivery,retry_tail,6,5,20261506,120,3,468.587900,256.088559,436.921500,426.503500,943,1063,0.97879282,120,0,0,0,0
243,clustered_rounds,retry_tail,1,5,20261509,120,3,1275.363400,94.090829,1213.261100,1203.142600,0,120,1.00000000,120,0,0,0,0
244,mixed_services,retry_tail,1,5,20261508,120,3,2394.528900,50.114242,2272.910500,2267.437000,0,120,1.00000000,120,0,0,0,0
245,clustered_rounds,ready_scan,6,5,20261509,120,3,419.036600,286.371167,398.038600,387.513800,2279,2399,0.50000000,120,0,0,0,0
246,pharmacy_hotspot,ready_scan,1,5,20261507,120,3,1252.248800,95.827602,1188.861900,1178.745300,0,120,1.00000000,120,0,0,0,0
247,burst_requests,ready_scan,6,5,20261510,120,3,589.470300,203.572597,156.898400,146.567200,2456,2576,0.75235110,120,0,0,0,0
248,mixed_services,ready_scan,1,5,20261508,120,3,2235.412600,53.681365,2128.300900,2122.194400,0,120,1.00000000,120,0,0,0,0
249,mixed_services,ready_scan,3,5,20261508,120,3,745.559600,160.952927,726.541200,689.076300,102,222,1.00000000,120,0,0,0,0
250,clustered_rounds,retry_tail,6,5,20261509,120,3,704.020200,170.449655,673.689900,663.321500,1776,1896,0.96230954,120,0,0,0,0
251,ward_delivery,retry_tail,3,5,20261506,120,3,540.945500,221.833808,516.151300,505.620500,203,323,0.99833611,120,0,0,0,0
252,ward_delivery,ready_scan,3,5,20261506,120,3,420.914700,285.093393,400.107800,389.493100,107,227,1.00000000,120,0,0,0,0
253,pharmacy_hotspot,fifo_blocking,3,5,20261507,120,3,1007.498500,119.106877,944.667200,934.606200,0,120,0.99709182,120,0,0,0,0
254,pharmacy_hotspot,retry_tail,6,5,20261507,120,3,1004.727300,119.435393,942.774900,932.420500,2924,3044,0.45334341,120,0,0,0,0
255,clustered_rounds,fifo_blocking,6,5,20261509,120,3,1185.598800,101.214677,1122.670900,1112.208400,0,120,0.70963927,120,0,0,0,0
256,multi_ward,fifo_blocking,6,5,20261511,120,6,345.253200,347.571000,314.038900,303.588800,0,120,0.97008892,120,0,0,0,0
257,multi_ward,ready_scan,6,5,20261511,120,6,209.021400,574.103896,198.569800,188.172600,265,385,1.00000000,120,0,0,0,0
258,multi_ward,fifo_blocking,3,5,20261511,120,6,512.294600,234.240220,481.238500,470.969600,0,120,0.99709182,120,0,0,0,0
259,ward_delivery,fifo_blocking,1,5,20261506,120,3,1272.886500,94.273920,1210.232800,1199.719500,0,120,1.00000000,120,0,0,0,0
260,pharmacy_hotspot,fifo_blocking,1,5,20261507,120,3,1262.803200,95.026683,1190.497600,1180.004700,0,120,1.00000000,120,0,0,0,0
261,pharmacy_hotspot,retry_tail,3,5,20261507,120,3,1189.260100,100.903074,1122.744800,1107.216800,630,750,0.51402870,120,0,0,0,0
262,mixed_services,ready_scan,6,5,20261508,120,3,761.185100,157.648908,741.717900,704.530400,3754,3874,0.72639225,120,0,0,0,0
263,pharmacy_hotspot,fifo_blocking,6,5,20261507,120,3,999.992800,120.000864,938.271500,927.845300,0,120,0.83798883,120,0,0,0,0
264,burst_requests,retry_tail,1,5,20261510,120,3,1303.209300,92.080374,836.456100,824.749100,0,120,1.00000000,120,0,0,0,0
265,clustered_rounds,ready_scan,1,5,20261509,120,3,1346.033500,89.150827,1270.049800,1259.267700,0,120,1.00000000,120,0,0,0,0
266,pharmacy_hotspot,ready_scan,3,5,20261507,120,3,1037.623200,115.648918,975.388900,964.934700,914,1034,0.68239977,120,0,0,0,0
267,burst_requests,fifo_blocking,3,5,20261510,120,3,648.690400,184.988093,229.476200,219.166600,0,120,0.99461252,120,0,0,0,0
268,burst_requests,ready_scan,1,5,20261510,120,3,1254.818200,95.631383,791.780000,781.266200,0,120,1.00000000,120,0,0,0,0
269,burst_requests,fifo_blocking,6,5,20261510,120,3,588.587700,203.877859,177.505100,166.738800,0,120,0.96463023,120,0,0,0,0
270,clustered_rounds,fifo_blocking,1,5,20261509,120,3,1343.327000,89.330446,1265.836800,1254.826300,0,120,1.00000000,120,0,0,0,0
271,burst_requests,ready_scan,3,6,20261610,120,3,601.095400,199.635532,183.739400,170.371300,206,326,0.98724805,120,0,0,0,0
272,ward_delivery,ready_scan,3,6,20261606,120,3,434.979600,275.875007,414.327700,403.968400,106,226,1.00000000,120,0,0,0,0
273,burst_requests,ready_scan,1,6,20261610,120,3,1253.106600,95.762005,789.636800,778.797900,0,120,1.00000000,120,0,0,0,0
274,ward_delivery,ready_scan,1,6,20261606,120,3,1273.504400,94.228179,1209.896400,1199.334800,0,120,1.00000000,120,0,0,0,0
275,clustered_rounds,ready_scan,3,6,20261609,120,3,417.411500,287.486090,396.668100,386.416900,117,237,1.00000000,120,0,0,0,0
276,multi_ward,retry_tail,3,6,20261611,120,6,453.244400,264.757822,425.186200,414.829300,65,185,1.00000000,120,0,0,0,0
277,clustered_rounds,retry_tail,3,6,20261609,120,3,1047.820400,114.523443,1024.212300,1013.516200,788,908,0.98724805,120,0,0,0,0
278,multi_ward,fifo_blocking,1,6,20261611,120,6,1278.339700,93.871762,1211.990700,1201.884600,0,120,1.00000000,120,0,0,0,0
279,pharmacy_hotspot,retry_tail,1,6,20261607,120,3,1255.966700,95.543934,1192.943300,1182.464100,0,120,1.00000000,120,0,0,0,0
280,mixed_services,fifo_blocking,1,6,20261608,120,3,2311.656500,51.910827,2221.349000,2210.500100,0,120,1.00000000,120,0,0,0,0
281,burst_requests,fifo_blocking,1,6,20261610,120,3,1290.679000,92.974318,827.045100,816.393300,0,120,1.00000000,120,0,0,0,0
282,mixed_services,ready_scan,1,6,20261608,120,3,2257.915200,53.146371,2169.068700,2158.148100,0,120,1.00000000,120,0,0,0,0
283,multi_ward,retry_tail,6,6,20261611,120,6,289.672200,414.261362,269.799800,259.643200,280,400,0.98684211,120,0,0,0,0
284,ward_delivery,retry_tail,6,6,20261606,120,3,471.888500,254.297360,423.037100,412.340700,921,1041,0.92095165,120,0,0,0,0
285,multi_ward,ready_scan,1,6,20261611,120,6,1419.741900,84.522405,1357.507600,1347.176400,0,120,1.00000000,120,0,0,0,0
286,clustered_rounds,retry_tail,1,6,20261609,120,3,1267.489300,94.675355,1203.247100,1192.805300,0,120,1.00000000,120,0,0,0,0
287,multi_ward,fifo_blocking,3,6,20261611,120,6,472.658000,253.883358,451.524700,441.241200,0,120,0.99709182,120,0,0,0,0
288,mixed_services,ready_scan,3,6,20261608,120,3,752.762400,159.412851,736.531000,719.651000,107,227,1.00000000,120,0,0,0,0
289,multi_ward,fifo_blocking,6,6,20261611,120,6,326.353300,367.699668,315.797500,305.449500,0,120,0.98441345,120,0,0,0,0
290,burst_requests,retry_tail,3,6,20261610,120,3,590.673100,203.158058,185.481300,174.897200,263,383,0.98887515,120,0,0,0,0
291,multi_ward,retry_tail,1,6,20261611,120,6,1440.664900,83.294873,1376.015000,1365.619900,0,120,1.00000000,120,0,0,0,0
292,pharmacy_hotspot,retry_tail,6,6,20261607,120,3,1010.434900,118.760744,946.583400,935.704300,2815,2935,0.46583851,120,0,0,0,0
293,pharmacy_hotspot,fifo_blocking,3,6,20261607,120,3,1003.991500,119.522924,952.139600,941.842200,0,120,0.99958351,120,0,0,0,0
294,multi_ward,ready_scan,3,6,20261611,120,6,423.213700,283.544696,402.204700,391.738900,55,175,1.00000000,120,0,0,0,0
295,burst_requests,fifo_blocking,3,6,20261610,120,3,647.249300,185.399969,236.746500,226.471500,0,120,0.96346849,120,0,0,0,0
296,pharmacy_hotspot,ready_scan,6,6,20261607,120,3,1263.507500,94.973714,1150.184100,1126.338500,2697,2817,0.51347882,120,0,0,0,0
297,pharmacy_hotspot,retry_tail,3,6,20261607,120,3,1073.360200,111.798444,1010.166400,999.656700,865,985,0.85197018,120,0,0,0,0
298,ward_delivery,retry_tail,1,6,20261606,120,3,1263.906600,94.943724,1200.835500,1190.431400,0,120,1.00000000,120,0,0,0,0
299,clustered_rounds,ready_scan,1,6,20261609,120,3,1263.314900,94.988193,1201.011800,1190.693400,0,120,1.00000000,120,0,0,0,0
300,ward_delivery,fifo_blocking,6,6,20261606,120,3,470.652500,254.965181,429.174400,418.987400,0,120,0.95465394,120,0,0,0,0
301,multi_ward,ready_scan,6,6,20261611,120,6,211.586800,567.143130,201.245800,190.778200,251,371,1.00000000,120,0,0,0,0
302,burst_requests,ready_scan,6,6,20261610,120,3,676.113700,177.484941,193.404300,176.151000,1541,1661,0.55944056,120,0,0,0,0
303,ward_delivery,ready_scan,6,6,20261606,120,3,435.604700,275.479121,414.167400,401.552800,1878,1998,0.53191489,120,0,0,0,0
304,clustered_rounds,fifo_blocking,6,6,20261609,120,3,1157.975900,103.629100,1095.734800,1085.367800,0,120,0.40026684,120,0,0,0,0
305,ward_delivery,retry_tail,3,6,20261606,120,3,512.541600,234.127337,490.028200,479.412500,184,304,0.99875156,120,0,0,0,0
306,burst_requests,fifo_blocking,6,6,20261610,120,3,568.778600,210.978402,177.138500,166.767500,0,120,0.97481722,120,0,0,0,0
307,mixed_services,retry_tail,3,6,20261608,120,3,853.662900,140.570710,793.515300,777.623500,151,271,0.99875156,120,0,0,0,0
308,burst_requests,retry_tail,1,6,20261610,120,3,1467.425200,81.775889,980.097500,957.107500,0,120,1.00000000,120,0,0,0,0
309,mixed_services,fifo_blocking,6,6,20261608,120,3,860.766700,139.410598,833.970700,801.915800,0,120,0.97879282,120,0,0,0,0
310,clustered_rounds,ready_scan,6,6,20261609,120,3,419.148500,286.294714,398.253000,388.073900,1878,1998,0.50000000,120,0,0,0,0
311,mixed_services,ready_scan,6,6,20261608,120,3,744.740700,161.129907,727.376300,714.409600,4125,4245,0.89020772,120,0,0,0,0
312,pharmacy_hotspot,fifo_blocking,1,6,20261607,120,3,1281.267800,93.657235,1211.854600,1201.314400,0,120,1.00000000,120,0,0,0,0
313,ward_delivery,fifo_blocking,1,6,20261606,120,3,1350.644300,88.846486,1251.152400,1240.409800,0,120,1.00000000,120,0,0,0,0
314,clustered_rounds,retry_tail,6,6,20261609,120,3,946.057800,126.842144,922.280400,908.067000,1425,1545,0.93167702,120,0,0,0,0
315,mixed_services,fifo_blocking,3,6,20261608,120,3,1134.762600,105.748991,1087.232800,1067.637700,0,120,0.98400984,120,0,0,0,0
316,pharmacy_hotspot,ready_scan,3,6,20261607,120,3,1028.264700,116.701468,960.367200,949.380000,1025,1145,0.50505051,120,0,0,0,0
317,clustered_rounds,fifo_blocking,1,6,20261609,120,3,1263.936600,94.941471,1199.949700,1189.593300,0,120,1.00000000,120,0,0,0,0
318,ward_delivery,fifo_blocking,3,6,20261606,120,3,631.402800,190.053006,592.234600,581.913600,0,120,0.99132590,120,0,0,0,0
319,pharmacy_hotspot,fifo_blocking,6,6,20261607,120,3,1058.024700,113.418902,1005.666100,995.318500,0,120,0.73170732,120,0,0,0,0
320,clustered_rounds,fifo_blocking,3,6,20261609,120,3,1209.255900,99.234579,1146.970400,1136.540700,0,120,0.80294413,120,0,0,0,0
321,pharmacy_hotspot,ready_scan,1,6,20261607,120,3,1268.004700,94.636873,1204.276100,1193.910200,0,120,1.00000000,120,0,0,0,0
322,mixed_services,retry_tail,1,6,20261608,120,3,2290.461200,52.391195,2209.656100,2199.343600,0,120,1.00000000,120,0,0,0,0
323,mixed_services,retry_tail,6,6,20261608,120,3,785.158400,152.835402,767.826000,751.138900,1462,1582,0.97008892,120,0,0,0,0
324,burst_requests,retry_tail,6,6,20261610,120,3,578.163000,207.553925,162.172600,151.292000,1013,1133,0.96000000,120,0,0,0,0
325,ward_delivery,fifo_blocking,1,7,20261706,120,3,1306.450200,91.851951,1244.144100,1233.608100,0,120,1.00000000,120,0,0,0,0
326,pharmacy_hotspot,ready_scan,6,7,20261707,120,3,1017.188400,117.972246,950.381900,939.449600,3499,3619,0.58451047,120,0,0,0,0
327,burst_requests,ready_scan,3,7,20261710,120,3,606.065000,197.998565,168.635300,155.942100,162,282,0.98724805,120,0,0,0,0
328,multi_ward,fifo_blocking,1,7,20261711,120,6,1342.050200,89.415433,1279.737800,1269.299200,0,120,1.00000000,120,0,0,0,0
329,clustered_rounds,fifo_blocking,1,7,20261709,120,3,1263.599900,94.966769,1197.530300,1187.056200,0,120,1.00000000,120,0,0,0,0
330,clustered_rounds,retry_tail,1,7,20261709,120,3,1264.851200,94.872820,1201.675000,1190.936900,0,120,1.00000000,120,0,0,0,0
331,pharmacy_hotspot,retry_tail,1,7,20261707,120,3,1433.077000,83.735905,1368.000600,1356.767200,0,120,1.00000000,120,0,0,0,0
332,multi_ward,retry_tail,1,7,20261711,120,6,1304.924200,91.959364,1241.662000,1231.259400,0,120,1.00000000,120,0,0,0,0
333,mixed_services,fifo_blocking,1,7,20261708,120,3,2232.080200,53.761509,2119.549400,2109.324800,0,120,1.00000000,120,0,0,0,0
334,ward_delivery,ready_scan,6,7,20261706,120,3,420.576300,285.322782,399.947800,389.427400,2281,2401,0.50000000,120,0,0,0,0
335,clustered_rounds,fifo_blocking,3,7,20261709,120,3,1275.924100,94.049481,1211.865500,1197.578100,0,120,0.99461252,120,0,0,0,0
336,mixed_services,fifo_blocking,3,7,20261708,120,3,1284.479800,93.423034,1227.777800,1192.202900,0,120,0.99461252,120,0,0,0,0
337,burst_requests,retry_tail,1,7,20261710,120,3,1272.207500,94.324236,808.597100,798.187000,0,120,1.00000000,120,0,0,0,0
338,burst_requests,ready_scan,1,7,20261710,120,3,1258.512900,95.350632,795.217000,784.509500,0,120,1.00000000,120,0,0,0,0
339,multi_ward,ready_scan,1,7,20261711,120,6,1432.179200,83.788397,1365.188500,1354.410200,0,120,1.00000000,120,0,0,0,0
340,pharmacy_hotspot,fifo_blocking,3,7,20261707,120,3,1001.838500,119.779785,939.101600,928.726500,0,120,0.92987214,120,0,0,0,0
341,multi_ward,ready_scan,6,7,20261711,120,6,210.839700,569.152773,200.388500,189.683300,242,362,1.00000000,120,0,0,0,0
342,multi_ward,fifo_blocking,3,7,20261711,120,6,511.299800,234.695965,480.318900,469.636000,0,120,0.99626401,120,0,0,0,0
343,clustered_rounds,retry_tail,3,7,20261709,120,3,937.243900,128.034976,911.643300,900.559800,851,971,0.99709182,120,0,0,0,0
344,clustered_rounds,ready_scan,1,7,20261709,120,3,1339.907700,89.558408,1239.643000,1227.336200,0,120,1.00000000,120,0,0,0,0
345,pharmacy_hotspot,retry_tail,3,7,20261707,120,3,1152.107900,104.156911,1088.400500,1077.707700,844,964,0.91289464,120,0,0,0,0
346,pharmacy_hotspot,fifo_blocking,6,7,20261707,120,3,1004.516800,119.460421,942.128900,931.587500,0,120,0.82474227,120,0,0,0,0
347,mixed_services,ready_scan,6,7,20261708,120,3,745.073700,161.057893,704.837900,686.166400,4099,4219,0.74441687,120,0,0,0,0
348,clustered_rounds,ready_scan,6,7,20261709,120,3,418.161100,286.970739,396.514800,386.235700,2460,2580,0.53932584,120,0,0,0,0
349,ward_delivery,retry_tail,3,7,20261706,120,3,530.840500,226.056603,501.350100,490.947800,207,327,0.99709182,120,0,0,0,0
350,ward_delivery,retry_tail,1,7,20261706,120,3,1373.197000,87.387316,1299.425400,1288.912400,0,120,1.00000000,120,0,0,0,0
351,clustered_rounds,fifo_blocking,6,7,20261709,120,3,1179.903300,101.703250,1116.341900,1105.930800,0,120,0.53026955,120,0,0,0,0
352,clustered_rounds,ready_scan,3,7,20261709,120,3,418.178800,286.958593,397.158600,386.861200,118,238,1.00000000,120,0,0,0,0
353,burst_requests,ready_scan,6,7,20261710,120,3,550.417900,218.016166,150.004900,139.218700,2327,2447,0.91813313,120,0,0,0,0
354,pharmacy_hotspot,ready_scan,3,7,20261707,120,3,1010.652400,118.735185,947.595400,936.874500,1087,1207,0.92449923,120,0,0,0,0
355,burst_requests,retry_tail,3,7,20261710,120,3,573.551200,209.222821,180.565300,169.979100,232,352,0.99709182,120,0,0,0,0
356,multi_ward,fifo_blocking,6,7,20261711,120,6,333.299100,360.036976,313.037000,302.577300,0,120,0.96618357,120,0,0,0,0
357,multi_ward,retry_tail,6,7,20261711,120,6,293.049900,409.486575,272.318200,261.612300,288,408,0.99585062,120,0,0,0,0
358,ward_delivery,fifo_blocking,3,7,20261706,120,3,657.832600,182.417229,617.762200,605.699400,0,120,0.99461252,120,0,0,0,0
359,clustered_rounds,retry_tail,6,7,20261709,120,3,844.735200,142.056351,822.977700,812.713000,1664,1784,0.95313741,120,0,0,0,0
360,mixed_services,ready_scan,3,7,20261708,120,3,755.741300,158.784494,715.382100,695.706900,98,218,1.00000000,120,0,0,0,0
361,pharmacy_hotspot,fifo_blocking,1,7,20261707,120,3,1249.443900,96.042727,1187.354100,1177.057700,0,120,1.00000000,120,0,0,0,0
362,mixed_services,retry_tail,1,7,20261708,120,3,2414.482800,49.700085,2291.360900,2278.696300,0,120,1.00000000,120,0,0,0,0
363,mixed_services,fifo_blocking,6,7,20261708,120,3,923.311600,129.966958,873.605700,856.748500,0,120,0.98119379,120,0,0,0,0
364,multi_ward,retry_tail,3,7,20261711,120,6,457.484800,262.303797,433.674500,423.522500,60,180,0.99875156,120,0,0,0,0
365,multi_ward,ready_scan,3,7,20261711,120,6,419.018300,286.383673,397.722900,387.278400,55,175,1.00000000,120,0,0,0,0
366,burst_requests,fifo_blocking,3,7,20261710,120,3,616.405700,194.676980,219.310600,208.947700,0,120,0.99875156,120,0,0,0,0
367,burst_requests,fifo_blocking,6,7,20261710,120,3,558.547800,214.842848,158.145400,147.828400,0,120,0.97323601,120,0,0,0,0
368,mixed_services,ready_scan,1,7,20261708,120,3,2445.160900,49.076525,2313.109100,2301.120800,0,120,1.00000000,120,0,0,0,0
369,pharmacy_hotspot,ready_scan,1,7,20261707,120,3,1249.444200,96.042704,1186.056500,1175.660700,0,120,1.00000000,120,0,0,0,0
370,ward_delivery,fifo_blocking,6,7,20261706,120,3,476.768200,251.694639,444.964700,434.596200,0,120,0.94637224,120,0,0,0,0
371,burst_requests,fifo_blocking,1,7,20261710,120,3,1271.193200,94.399498,805.859000,794.505400,0,120,1.00000000,120,0,0,0,0
372,mixed_services,retry_tail,3,7,20261708,120,3,936.891700,128.083107,871.994100,856.308300,214,334,0.99461252,120,0,0,0,0
373,ward_delivery,ready_scan,1,7,20261706,120,3,1470.931800,81.580941,1407.660100,1396.830200,0,120,1.00000000,120,0,0,0,0
374,burst_requests,retry_tail,6,7,20261710,120,3,555.299000,216.099795,152.155800,141.653500,950,1070,0.92307692,120,0,0,0,0
375,ward_delivery,retry_tail,6,7,20261706,120,3,450.875100,266.149095,429.032400,418.523700,903,1023,0.97719870,120,0,0,0,0
376,mixed_services,retry_tail,6,7,20261708,120,3,780.576700,153.732490,757.473300,737.434100,1536,1656,0.97244733,120,0,0,0,0
377,pharmacy_hotspot,retry_tail,6,7,20261707,120,3,1032.038700,116.274709,966.671200,954.383700,2682,2802,0.45180723,120,0,0,0,0
378,ward_delivery,ready_scan,3,7,20261706,120,3,419.224900,286.242540,398.419100,388.124300,99,219,1.00000000,120,0,0,0,0
379,burst_requests,retry_tail,1,8,20261810,120,3,1506.590800,79.650028,1042.899200,1027.701500,0,120,1.00000000,120,0,0,0,0
380,mixed_services,retry_tail,3,8,20261808,120,3,908.075400,132.147617,830.711400,804.094800,284,404,0.99132590,120,0,0,0,0
381,pharmacy_hotspot,retry_tail,3,8,20261807,120,3,1019.234400,117.735430,955.593600,944.917200,1052,1172,0.61053167,120,0,0,0,0
382,pharmacy_hotspot,fifo_blocking,6,8,20261807,120,3,1004.326600,119.483045,942.066000,931.617100,0,120,0.93676815,120,0,0,0,0
383,clustered_rounds,retry_tail,3,8,20261809,120,3,1063.849100,112.797952,1030.541900,1019.095000,833,953,0.98724805,120,0,0,0,0
384,mixed_services,fifo_blocking,3,8,20261808,120,3,1221.753400,98.219493,1129.187400,1088.844600,0,120,0.96930533,120,0,0,0,0
385,burst_requests,fifo_blocking,3,8,20261810,120,3,592.324100,202.591791,181.074800,170.340000,0,120,0.99875156,120,0,0,0,0
386,burst_requests,fifo_blocking,6,8,20261810,120,3,557.841400,215.114905,147.254700,136.844300,0,120,0.96618357,120,0,0,0,0
387,multi_ward,ready_scan,6,8,20261811,120,6,210.933200,568.900486,200.204600,189.868200,237,357,1.00000000,120,0,0,0,0
388,mixed_services,ready_scan,6,8,20261808,120,3,743.101500,161.485342,721.855600,697.116800,4092,4212,0.75000000,120,0,0,0,0
389,ward_delivery,fifo_blocking,3,8,20261806,120,3,620.990900,193.239547,589.827800,579.473400,0,120,0.99502488,120,0,0,0,0
390,multi_ward,retry_tail,3,8,20261811,120,6,465.985800,257.518577,443.658300,433.190200,80,200,0.99875156,120,0,0,0,0
391,ward_delivery,fifo_blocking,6,8,20261806,120,3,491.088100,244.355341,469.003800,458.234600,0,120,0.92951201,120,0,0,0,0
392,pharmacy_hotspot,fifo_blocking,1,8,20261807,120,3,1437.564200,83.474533,1361.386400,1349.541200,0,120,1.00000000,120,0,0,0,0
393,burst_requests,ready_scan,1,8,20261810,120,3,1254.906400,95.624662,791.134200,780.700500,0,120,1.00000000,120,0,0,0,0
394,ward_delivery,ready_scan,3,8,20261806,120,3,420.497100,285.376522,398.827000,388.367300,107,227,1.00000000,120,0,0,0,0
395,clustered_rounds,retry_tail,6,8,20261809,120,3,709.387500,169.160015,684.601400,673.822000,1855,1975,0.93530787,120,0,0,0,0
396,pharmacy_hotspot,retry_tail,6,8,20261807,120,3,1058.786400,113.337308,975.416300,963.544700,2458,2578,0.58508045,120,0,0,0,0
397,mixed_services,fifo_blocking,6,8,20261808,120,3,1071.060200,112.038520,987.592000,977.191200,0,120,0.95846645,120,0,0,0,0
398,ward_delivery,fifo_blocking,1,8,20261806,120,3,1258.087500,95.382873,1192.002000,1181.674600,0,120,1.00000000,120,0,0,0,0
399,clustered_rounds,fifo_blocking,1,8,20261809,120,3,1266.569900,94.744080,1199.102000,1188.762000,0,120,1.00000000,120,0,0,0,0
400,clustered_rounds,ready_scan,3,8,20261809,120,3,423.385000,283.429975,402.229100,391.557900,120,240,1.00000000,120,0,0,0,0
401,mixed_services,fifo_blocking,1,8,20261808,120,3,2400.678300,49.985873,2257.308500,2216.511500,0,120,1.00000000,120,0,0,0,0
402,ward_delivery,retry_tail,1,8,20261806,120,3,1275.572200,94.075427,1213.715100,1203.310900,0,120,1.00000000,120,0,0,0,0
403,mixed_services,retry_tail,6,8,20261808,120,3,782.649800,153.325280,741.083200,702.711900,1471,1591,0.96463023,120,0,0,0,0
404,clustered_rounds,ready_scan,6,8,20261809,120,3,424.395800,282.754919,402.772000,392.289600,2277,2397,0.50000000,120,0,0,0,0
405,burst_requests,retry_tail,3,8,20261810,120,3,579.529400,207.064560,174.624600,164.168400,167,287,0.99214551,120,0,0,0,0
406,mixed_services,ready_scan,1,8,20261808,120,3,2497.527700,48.047515,2351.047700,2310.355900,0,120,1.00000000,120,0,0,0,0
407,multi_ward,retry_tail,1,8,20261811,120,6,1255.576000,95.573665,1190.410300,1179.966100,0,120,1.00000000,120,0,0,0,0
408,ward_delivery,ready_scan,1,8,20261806,120,3,1287.192500,93.226149,1223.928800,1213.217500,0,120,1.00000000,120,0,0,0,0
409,clustered_rounds,retry_tail,1,8,20261809,120,3,1490.736900,80.497102,1422.109800,1411.756600,0,120,1.00000000,120,0,0,0,0
410,burst_requests,ready_scan,6,8,20261810,120,3,558.956000,214.685950,145.762200,135.405300,2391,2511,0.83916084,120,0,0,0,0
411,pharmacy_hotspot,fifo_blocking,3,8,20261807,120,3,1001.858800,119.777358,949.845400,939.473100,0,120,0.89186176,120,0,0,0,0
412,clustered_rounds,fifo_blocking,3,8,20261809,120,3,1220.892300,98.288768,1158.150400,1147.769500,0,120,0.76701822,120,0,0,0,0
413,pharmacy_hotspot,ready_scan,6,8,20261807,120,3,1011.573900,118.627023,947.744200,937.312500,3492,3612,0.74211503,120,0,0,0,0
414,burst_requests,fifo_blocking,1,8,20261810,120,3,1318.701100,90.998635,854.064000,843.670400,0,120,1.00000000,120,0,0,0,0
415,multi_ward,ready_scan,1,8,20261811,120,6,1261.002300,95.162396,1197.415500,1186.875300,0,120,1.00000000,120,0,0,0,0
416,ward_delivery,retry_tail,6,8,20261806,120,3,451.499400,265.781084,429.612800,419.248600,885,1005,0.98684211,120,0,0,0,0
417,ward_delivery,ready_scan,6,8,20261806,120,3,420.703900,285.236243,399.542300,389.429100,2343,2463,0.67340067,120,0,0,0,0
418,multi_ward,fifo_blocking,6,8,20261811,120,6,334.851500,358.367814,313.876600,303.518900,0,120,0.98684211,120,0,0,0,0
419,ward_delivery,retry_tail,3,8,20261806,120,3,531.320400,225.852424,506.986300,496.554100,185,305,0.99958351,120,0,0,0,0
420,burst_requests,retry_tail,6,8,20261810,120,3,562.294700,213.411224,150.082800,139.829700,918,1038,0.94861660,120,0,0,0,0
421,pharmacy_hotspot,ready_scan,1,8,20261807,120,3,1443.344800,83.140217,1380.011800,1369.288300,0,120,1.00000000,120,0,0,0,0
422,mixed_services,ready_scan,3,8,20261808,120,3,756.331500,158.660587,730.887000,710.234600,114,234,0.99709182,120,0,0,0,0
423,mixed_services,retry_tail,1,8,20261808,120,3,2250.941800,53.311019,2107.728600,2067.448500,0,120,1.00000000,120,0,0,0,0
424,burst_requests,ready_scan,3,8,20261810,120,3,558.431200,214.887707,147.339300,137.136300,164,284,0.99502488,120,0,0,0,0
425,multi_ward,fifo_blocking,3,8,20261811,120,6,529.737800,226.527161,502.708900,492.029100,0,120,0.99875156,120,0,0,0,0
426,multi_ward,retry_tail,6,8,20261811,120,6,312.672400,383.788272,292.799700,282.270400,228,348,0.98765432,120,0,0,0,0
427,clustered_rounds,fifo_blocking,6,8,20261809,120,3,1161.621000,103.303918,1099.463800,1089.151900,0,120,0.49362402,120,0,0,0,0
428,pharmacy_hotspot,ready_scan,3,8,20261807,120,3,1008.240200,119.019258,944.637100,934.032600,1078,1198,0.69184203,120,0,0,0,0
429,clustered_rounds,ready_scan,1,8,20261809,120,3,1263.992600,94.937265,1201.447200,1191.111200,0,120,1.00000000,120,0,0,0,0
430,pharmacy_hotspot,retry_tail,1,8,20261807,120,3,1464.940500,81.914590,1397.704600,1380.733900,0,120,1.00000000,120,0,0,0,0
431,multi_ward,fifo_blocking,1,8,20261811,120,6,1276.437400,94.011661,1213.328300,1203.082700,0,120,1.00000000,120,0,0,0,0
432,multi_ward,ready_scan,3,8,20261811,120,6,429.735000,279.241858,398.597600,388.288800,72,192,0.99958351,120,0,0,0,0
433,ward_delivery,ready_scan,3,9,20261906,120,3,417.817700,287.206598,396.933700,386.737900,103,223,1.00000000,120,0,0,0,0
434,burst_requests,retry_tail,6,9,20261910,120,3,593.490400,202.193666,174.619200,164.146800,789,909,0.91047041,120,0,0,0,0
435,pharmacy_hotspot,retry_tail,1,9,20261907,120,3,1275.496400,94.081018,1212.132700,1201.645600,0,120,1.00000000,120,0,0,0,0
436,multi_ward,retry_tail,3,9,20261911,120,6,469.181900,255.764342,439.721300,429.431700,62,182,0.99875156,120,0,0,0,0
437,pharmacy_hotspot,ready_scan,1,9,20261907,120,3,1391.038000,86.266515,1325.071200,1314.845800,0,120,1.00000000,120,0,0,0,0
438,multi_ward,retry_tail,1,9,20261911,120,6,1264.391100,94.907343,1201.459700,1190.767800,0,120,1.00000000,120,0,0,0,0
439,ward_delivery,ready_scan,6,9,20261906,120,3,421.677400,284.577736,400.800700,388.959000,2313,2433,0.62370062,120,0,0,0,0
440,mixed_services,ready_scan,3,9,20261908,120,3,743.426200,161.414812,722.591700,701.674900,99,219,1.00000000,120,0,0,0,0
441,pharmacy_hotspot,retry_tail,6,9,20261907,120,3,1086.987200,110.396884,992.063300,981.079900,2635,2755,0.55555556,120,0,0,0,0
442,multi_ward,fifo_blocking,3,9,20261911,120,6,534.279900,224.601375,513.383500,501.814000,0,120,0.99709182,120,0,0,0,0
443,clustered_rounds,fifo_blocking,6,9,20261909,120,3,1172.184500,102.372963,1110.034700,1099.538700,0,120,0.55071134,120,0,0,0,0
444,mixed_services,ready_scan,6,9,20261908,120,3,751.975400,159.579688,728.478300,711.582900,4125,4245,0.67529544,120,0,0,0,0
445,ward_delivery,fifo_blocking,1,9,20261906,120,3,1359.195500,88.287520,1292.385500,1281.716700,0,120,1.00000000,120,0,0,0,0
446,multi_ward,ready_scan,3,9,20261911,120,6,437.628900,274.204926,406.491300,396.030200,63,183,0.99958351,120,0,0,0,0
447,ward_delivery,fifo_blocking,6,9,20261906,120,3,488.995200,245.401182,455.200600,444.712300,0,120,0.97799511,120,0,0,0,0
448,burst_requests,fifo_blocking,6,9,20261910,120,3,575.244600,208.606913,163.980200,153.153200,0,120,0.99091660,120,0,0,0,0
449,clustered_rounds,retry_tail,1,9,20261909,120,3,1326.884100,90.437439,1259.042800,1248.531300,0,120,1.00000000,120,0,0,0,0
450,pharmacy_hotspot,retry_tail,3,9,20261907,120,3,1119.239300,107.215678,1049.519300,1033.466600,860,980,0.77947386,120,0,0,0,0
451,multi_ward,ready_scan,1,9,20261911,120,6,1319.177700,90.965758,1255.796400,1245.023300,0,120,1.00000000,120,0,0,0,0
452,ward_delivery,retry_tail,1,9,20261906,120,3,1357.154600,88.420288,1292.869300,1282.400400,0,120,1.00000000,120,0,0,0,0
453,mixed_services,fifo_blocking,3,9,20261908,120,3,1254.546000,95.652132,1188.994900,1173.131900,0,120,0.99502488,120,0,0,0,0
454,ward_delivery,ready_scan,1,9,20261906,120,3,1283.448700,93.498088,1214.437800,1203.633900,0,120,1.00000000,120,0,0,0,0
455,ward_delivery,fifo_blocking,3,9,20261906,120,3,612.580200,195.892717,581.420200,571.118400,0,120,0.98969072,120,0,0,0,0
456,pharmacy_hotspot,ready_scan,6,9,20261907,120,3,1003.356800,119.598532,940.959100,930.489200,3428,3548,0.25252525,120,0,0,0,0
457,mixed_services,ready_scan,1,9,20261908,120,3,2449.209500,48.995400,2361.419300,2320.797200,0,120,1.00000000,120,0,0,0,0
458,multi_ward,retry_tail,6,9,20261911,120,6,287.875900,416.846287,275.853500,265.475200,266,386,0.99173554,120,0,0,0,0
459,clustered_rounds,ready_scan,1,9,20261909,120,3,1260.203900,95.222686,1195.475500,1184.529000,0,120,1.00000000,120,0,0,0,0
460,pharmacy_hotspot,fifo_blocking,3,9,20261907,120,3,1010.679100,118.732049,958.382000,947.892900,0,120,0.99709182,120,0,0,0,0
461,mixed_services,retry_tail,3,9,20261908,120,3,1074.166200,111.714556,1014.643900,1006.428300,169,289,0.99214551,120,0,0,0,0
462,ward_delivery,retry_tail,3,9,20261906,120,3,553.198500,216.920328,523.114400,512.454700,182,302,0.99958351,120,0,0,0,0
463,mixed_services,fifo_blocking,1,9,20261908,120,3,2248.469000,53.369648,2158.882900,2118.135100,0,120,1.00000000,120,0,0,0,0
464,burst_requests,fifo_blocking,1,9,20261910,120,3,1262.354900,95.060430,798.323400,787.555400,0,120,1.00000000,120,0,0,0,0
465,pharmacy_hotspot,fifo_blocking,6,9,20261907,120,3,1079.399000,111.172977,1016.783600,1006.401900,0,120,0.73349633,120,0,0,0,0
466,burst_requests,fifo_blocking,3,9,20261910,120,3,613.241500,195.681473,193.862700,183.297900,0,120,0.99709182,120,0,0,0,0
467,pharmacy_hotspot,ready_scan,3,9,20261907,120,3,1022.269700,117.385852,958.814300,948.484100,1118,1238,0.50505051,120,0,0,0,0
468,burst_requests,retry_tail,3,9,20261910,120,3,585.208800,205.055016,173.655900,163.121600,203,323,0.99833611,120,0,0,0,0
469,clustered_rounds,retry_tail,3,9,20261909,120,3,909.636100,131.920886,882.864700,871.390900,857,977,0.99132590,120,0,0,0,0
470,multi_ward,fifo_blocking,6,9,20261911,120,6,347.614100,345.210393,326.723500,316.515400,0,120,0.99420050,120,0,0,0,0
471,ward_delivery,retry_tail,6,9,20261906,120,3,479.923900,250.039642,448.535300,438.101300,848,968,0.96930533,120,0,0,0,0
472,clustered_rounds,ready_scan,3,9,20261909,120,3,449.669200,266.862841,427.456200,417.003900,120,240,1.00000000,120,0,0,0,0
473,clustered_rounds,fifo_blocking,1,9,20261909,120,3,1304.260200,92.006181,1239.908500,1229.151500,0,120,1.00000000,120,0,0,0,0
474,multi_ward,fifo_blocking,1,9,20261911,120,6,1250.404900,95.968914,1188.248600,1177.849900,0,120,1.00000000,120,0,0,0,0
475,multi_ward,ready_scan,6,9,20261911,120,6,210.739500,569.423388,200.117700,189.710400,255,375,1.00000000,120,0,0,0,0
476,burst_requests,ready_scan,1,9,20261910,120,3,1301.394100,92.208809,836.136900,825.358400,0,120,1.00000000,120,0,0,0,0
477,mixed_services,retry_tail,6,9,20261908,120,3,916.577300,130.921855,845.218700,825.832600,1138,1258,0.93385214,120,0,0,0,0
478,burst_requests,retry_tail,1,9,20261910,120,3,1323.739800,90.652257,859.130800,846.338000,0,120,1.00000000,120,0,0,0,0
479,clustered_rounds,ready_scan,6,9,20261909,120,3,422.411700,284.083040,401.316300,390.578600,2293,2413,0.50000000,120,0,0,0,0
480,burst_requests,ready_scan,3,9,20261910,120,3,547.950000,218.998084,147.402100,136.656000,163,283,0.99461252,120,0,0,0,0
481,burst_requests,ready_scan,6,9,20261910,120,3,554.889000,216.259468,146.952900,136.514700,2240,2360,0.84865629,120,0,0,0,0
482,mixed_services,retry_tail,1,9,20261908,120,3,2334.234200,51.408723,2239.805400,2196.549600,0,120,1.00000000,120,0,0,0,0
483,clustered_rounds,fifo_blocking,3,9,20261909,120,3,1228.916000,97.647032,1166.072700,1155.631600,0,120,0.98969072,120,0,0,0,0
484,mixed_services,fifo_blocking,6,9,20261908,120,3,960.087300,124.988634,911.248600,900.946700,0,120,0.98039216,120,0,0,0,0
485,clustered_rounds,retry_tail,6,9,20261909,120,3,683.949200,175.451627,662.680900,651.894500,1649,1769,0.95162569,120,0,0,0,0
486,pharmacy_hotspot,fifo_blocking,1,9,20261907,120,3,1275.890100,94.051988,1212.518900,1202.346700,0,120,1.00000000,120,0,0,0,0
487,mixed_services,ready_scan,6,10,20262008,120,3,845.710300,141.892561,783.252300,743.490500,2180,2300,0.59731210,120,0,0,0,0
488,clustered_rounds,ready_scan,1,10,20262009,120,3,1319.201800,90.964097,1254.896000,1244.132100,0,120,1.00000000,120,0,0,0,0
489,mixed_services,ready_scan,1,10,20262008,120,3,2236.599600,53.652876,2118.205400,2077.889200,0,120,1.00000000,120,0,0,0,0
490,multi_ward,retry_tail,1,10,20262011,120,6,1434.646800,83.644281,1353.732000,1340.963700,0,120,1.00000000,120,0,0,0,0
491,clustered_rounds,fifo_blocking,6,10,20262009,120,3,1159.647400,103.479730,1097.446800,1087.082300,0,120,0.45696877,120,0,0,0,0
492,pharmacy_hotspot,retry_tail,1,10,20262007,120,3,1371.497200,87.495622,1296.768000,1285.722400,0,120,1.00000000,120,0,0,0,0
493,burst_requests,retry_tail,6,10,20262010,120,3,597.473300,200.845795,159.594500,148.391200,836,956,0.95770152,120,0,0,0,0
494,clustered_rounds,ready_scan,3,10,20262009,120,3,421.060100,284.994945,399.746400,388.692900,119,239,1.00000000,120,0,0,0,0
495,pharmacy_hotspot,ready_scan,6,10,20262007,120,3,1112.041500,107.909642,1047.831500,1036.965400,2617,2737,0.25252525,120,0,0,0,0
496,mixed_services,fifo_blocking,3,10,20262008,120,3,1313.543500,91.355939,1211.638400,1190.885600,0,120,0.98724805,120,0,0,0,0
497,burst_requests,fifo_blocking,3,10,20262010,120,3,579.160600,207.196415,179.388300,168.800000,0,120,0.99709182,120,0,0,0,0
498,multi_ward,ready_scan,6,10,20262011,120,6,210.457900,570.185296,199.855600,189.436100,256,376,1.00000000,120,0,0,0,0
499,pharmacy_hotspot,fifo_blocking,1,10,20262007,120,3,1268.080100,94.631246,1202.816500,1191.593300,0,120,1.00000000,120,0,0,0,0
500,pharmacy_hotspot,fifo_blocking,6,10,20262007,120,3,1004.431800,119.470531,951.999500,941.674900,0,120,0.81967213,120,0,0,0,0
501,ward_delivery,fifo_blocking,3,10,20262006,120,3,667.476300,179.781664,627.508900,610.275200,0,120,0.98481740,120,0,0,0,0
502,pharmacy_hotspot,retry_tail,3,10,20262007,120,3,1104.596000,108.637004,1035.926400,1024.530800,917,1037,0.98481740,120,0,0,0,0
503,ward_delivery,retry_tail,1,10,20262006,120,3,1268.908400,94.569474,1207.092600,1196.312000,0,120,1.00000000,120,0,0,0,0
504,mixed_services,ready_scan,3,10,20262008,120,3,752.086500,159.556115,711.112200,670.680700,113,233,1.00000000,120,0,0,0,0
505,multi_ward,fifo_blocking,3,10,20262011,120,6,536.529900,223.659483,505.903800,494.829200,0,120,0.99626401,120,0,0,0,0
506,pharmacy_hotspot,ready_scan,1,10,20262007,120,3,1467.838700,81.752852,1369.031900,1352.048100,0,120,1.00000000,120,0,0,0,0
507,multi_ward,retry_tail,3,10,20262011,120,6,493.468600,243.176567,456.699100,446.156200,55,175,0.99875156,120,0,0,0,0
508,pharmacy_hotspot,retry_tail,6,10,20262007,120,3,1021.902300,117.428056,956.725600,946.007800,2740,2860,0.58167717,120,0,0,0,0
509,ward_delivery,ready_scan,6,10,20262006,120,3,426.815100,281.152190,405.647300,395.375700,2272,2392,0.66852368,120,0,0,0,0
510,clustered_rounds,retry_tail,1,10,20262009,120,3,1269.446000,94.529425,1206.725200,1196.206700,0,120,1.00000000,120,0,0,0,0
511,burst_requests,retry_tail,1,10,20262010,120,3,1290.771700,92.967641,812.553700,792.371900,0,120,1.00000000,120,0,0,0,0
512,multi_ward,retry_tail,6,10,20262011,120,6,298.121000,402.521124,277.084100,266.159200,243,363,0.99173554,120,0,0,0,0
513,ward_delivery,fifo_blocking,1,10,20262006,120,3,1328.423600,90.332632,1260.022000,1249.531400,0,120,1.00000000,120,0,0,0,0
514,ward_delivery,ready_scan,3,10,20262006,120,3,433.275000,276.960360,412.338800,402.093200,113,233,1.00000000,120,0,0,0,0
515,mixed_services,fifo_blocking,6,10,20262008,120,3,943.103400,127.239495,850.925100,834.988400,0,120,0.95087163,120,0,0,0,0
516,burst_requests,retry_tail,3,10,20262010,120,3,585.294700,205.024922,163.212600,152.825700,156,276,0.99958351,120,0,0,0,0
517,ward_delivery,retry_tail,6,10,20262006,120,3,491.314600,244.242691,452.844900,442.250700,984,1104,0.97165992,120,0,0,0,0
518,burst_requests,fifo_blocking,1,10,20262010,120,3,1381.758900,86.845831,912.795000,902.078600,0,120,1.00000000,120,0,0,0,0
519,mixed_services,retry_tail,1,10,20262008,120,3,2283.636200,52.547774,2166.179400,2125.754100,0,120,1.00000000,120,0,0,0,0
520,multi_ward,fifo_blocking,6,10,20262011,120,6,345.832600,346.988688,314.575400,304.013100,0,120,0.99667774,120,0,0,0,0
521,clustered_rounds,retry_tail,3,10,20262009,120,3,923.112400,129.995004,893.587600,883.390700,907,1027,0.97999183,120,0,0,0,0
522,burst_requests,fifo_blocking,6,10,20262010,120,3,569.916300,210.557234,156.641500,146.311000,0,120,0.97481722,120,0,0,0,0
523,mixed_services,retry_tail,6,10,20262008,120,3,949.325000,126.405604,886.771000,856.541300,1097,1217,0.95770152,120,0,0,0,0
524,clustered_rounds,fifo_blocking,3,10,20262009,120,3,1220.968400,98.282642,1158.805200,1147.674300,0,120,0.69184203,120,0,0,0,0
525,ward_delivery,ready_scan,1,10,20262006,120,3,1269.923000,94.493918,1206.941900,1196.507000,0,120,1.00000000,120,0,0,0,0
526,mixed_services,retry_tail,3,10,20262008,120,3,931.395800,128.838889,864.178200,852.666900,306,426,0.98724805,120,0,0,0,0
527,multi_ward,ready_scan,3,10,20262011,120,6,428.881800,279.797371,397.183000,386.598200,64,184,0.99958351,120,0,0,0,0
528,burst_requests,ready_scan,1,10,20262010,120,3,1397.779100,85.850475,932.977700,922.277300,0,120,1.00000000,120,0,0,0,0
529,burst_requests,ready_scan,3,10,20262010,120,3,572.748200,209.516154,147.948400,137.246000,169,289,0.99833611,120,0,0,0,0
530,ward_delivery,fifo_blocking,6,10,20262006,120,3,556.644700,215.577369,504.756500,494.505500,0,120,0.95617530,120,0,0,0,0
531,multi_ward,ready_scan,1,10,20262011,120,6,1264.803800,94.876375,1198.197700,1186.928700,0,120,1.00000000,120,0,0,0,0
532,clustered_rounds,retry_tail,6,10,20262009,120,3,728.563900,164.707584,698.477800,688.281800,1808,1928,0.96076861,120,0,0,0,0
533,burst_requests,ready_scan,6,10,20262010,120,3,570.665000,210.280988,146.906200,136.529400,2270,2390,0.73710074,120,0,0,0,0
534,pharmacy_hotspot,fifo_blocking,3,10,20262007,120,3,1033.275400,116.135543,980.945900,970.580200,0,120,0.93421565,120,0,0,0,0
535,pharmacy_hotspot,ready_scan,3,10,20262007,120,3,1006.665600,119.205424,944.212000,933.469900,1078,1198,0.71663183,120,0,0,0,0
536,multi_ward,fifo_blocking,1,10,20262011,120,6,1263.747400,94.955685,1200.213400,1189.655100,0,120,1.00000000,120,0,0,0,0
537,mixed_services,fifo_blocking,1,10,20262008,120,3,2318.638600,51.754508,2192.485500,2150.872600,0,120,1.00000000,120,0,0,0,0
538,clustered_rounds,ready_scan,6,10,20262009,120,3,422.707400,283.884313,400.685800,390.122800,1938,2058,0.50000000,120,0,0,0,0
539,ward_delivery,retry_tail,3,10,20262006,120,3,574.934700,208.719355,527.467200,517.203000,238,358,0.99958351,120,0,0,0,0
540,clustered_rounds,fifo_blocking,1,10,20262009,120,3,1272.132900,94.329767,1208.992300,1198.398400,0,120,1.00000000,120,0,0,0,0
