scenario,policy,workers,repetitions,tasks,elapsed_ms_mean,elapsed_ms_sd,throughput_tasks_s_mean,throughput_tasks_s_sd,p95_response_ms_mean,p95_response_ms_sd,p95_wait_ms_mean,p95_wait_ms_sd,zone_denials_mean,zone_denials_sd,zone_attempts_mean,zone_attempts_sd,jain_fairness_mean,jain_fairness_sd
burst_requests,fifo_blocking,1,10,120,1311.8930400000002,57.14896840327234,91.62303779999999,3.882808445961642,846.1846300000001,54.55334225864627,835.3555899999999,54.4243115905924,0,0,120,0,1,0
burst_requests,fifo_blocking,3,10,120,612.62482,27.50494179713891,196.230047,8.705703247272728,203.69886000000002,21.438202387337533,192.97088,21.43025535891825,0,0,120,0,0.9925873559999999,0.011072367459261606
burst_requests,fifo_blocking,6,10,120,570.2546600000001,9.519098594719978,210.48483240000002,3.497252851776032,162.71144999999999,9.412233954481199,152.08587999999997,9.277121212100228,0,0,120,0,0.972656909,0.011883914813809343
burst_requests,ready_scan,1,10,120,1286.1788,47.28030699148312,93.40758149999999,3.2645082912817305,822.0985799999999,46.89775176451663,811.47388,46.90627128729517,0,0,120,0,1,0
burst_requests,ready_scan,3,10,120,573.7612099999999,20.22176866599459,209.37779310000005,7.3027584424643015,155.08167,12.435575868634132,144.05878,11.465998417330352,195.9,39.37130935084583,315.9,39.37130935084583,0.992972649,0.007189256719320752
burst_requests,ready_scan,6,10,120,575.75895,37.46956539537565,209.1265131,12.07176784250158,153.78570000000005,14.481751972971598,142.63544000000002,12.439626925917032,2246.5,262.27350016516897,2366.5,262.27350016516897,0.754595261,0.10294727574631896
burst_requests,retry_tail,1,10,120,1356.09981,85.14259893921032,88.789726,5.323818450114165,886.3545399999999,82.56151555308725,872.7081599999999,81.27822539407052,0,0,120,0,1,0
burst_requests,retry_tail,3,10,120,600.2681500000001,27.145014605806423,200.25640650000003,8.504895610384462,186.39647,20.913211009420703,175.75916,20.84707804493367,199,45.801504099513785,319,45.801504099513785,0.9955704790000001,0.003154727795239138
burst_requests,retry_tail,6,10,120,578.2033399999999,13.692196246053603,207.644713,4.940534801750065,160.01244,9.003961028742356,149.43785,8.9279633159902,933.8,99.33646527501033,1053.8,99.33646527501033,0.9578971340000001,0.024534413272619186
clustered_rounds,fifo_blocking,1,10,120,1310.1920400000001,75.52169428293361,91.8373379,4.781480126626028,1243.3707200000001,71.27570948438031,1232.74314,70.9871419605645,0,0,120,0,1,0
clustered_rounds,fifo_blocking,3,10,120,1228.6252099999997,24.182266122854475,97.70351409999999,1.8840506156816286,1165.6840000000002,23.760608432492294,1154.81378,22.97785133600518,0,0,120,0,0.814324184,0.14864166741691984
clustered_rounds,fifo_blocking,6,10,120,1171.11389,18.279753813346495,102.4885812,1.5684610870914761,1107.48212,18.81228249131106,1097.0527,18.799671709485867,0,0,120,0,0.5645441470000001,0.10736209542389014
clustered_rounds,ready_scan,1,10,120,1312.0256900000002,53.02051147402925,91.5925673,3.6035684865536344,1241.1184300000002,48.69183191825572,1230.3080400000001,48.6063974478486,0,0,120,0,1,0
clustered_rounds,ready_scan,3,10,120,423.52214000000004,10.211716745342628,283.48046230000006,6.55737516116636,402.3857,9.80678034071893,391.90977,9.771552004563492,118.5,1.0801234497346435,238.5,1.0801234497346435,1,0
clustered_rounds,ready_scan,6,10,120,421.63214,2.6358972965998144,284.6182836,1.777228222992709,400.41719,2.6328038933806055,389.94419000000005,2.557878782832892,2237.6,184.8682413684586,2357.6,184.8682413684586,0.541433287,0.05912763138163109
clustered_rounds,retry_tail,1,10,120,1301.71981,69.48290652828783,92.39847000000002,4.4316920276712235,1235.2291,68.45037934437535,1224.5888800000002,68.5803403371517,0,0,120,0,1,0
clustered_rounds,retry_tail,3,10,120,978.91249,104.6300293077518,123.69143869999998,11.54097400639032,951.7151700000001,100.6498944629468,940.84536,100.04417044352849,862.5,61.45323425174626,982.5,61.45323425174626,0.9899366439999999,0.006777633358540744
clustered_rounds,retry_tail,6,10,120,757.09059,79.3038934700974,159.8763856,14.639131910836218,728.5929100000001,81.59251850474814,717.0260000000001,81.00054809669156,1744.4,154.19482625705845,1864.4,154.19482625705845,0.961335278,0.018899973417945328
mixed_services,fifo_blocking,1,10,120,2299.5910799999997,75.5380991141821,52.2332276,1.69282307667348,2191.72586,67.54263540734354,2173.5635099999995,66.19173439329208,0,0,120,0,1,0
mixed_services,fifo_blocking,3,10,120,1220.12599,73.79451066568346,98.68894700000001,6.2283388253895335,1151.8513099999998,63.938299183135236,1130.58311,62.60251801723939,0,0,120,0,0.9891347149999999,0.010252859411589916
mixed_services,fifo_blocking,6,10,120,933.3639900000001,61.912372869177844,129.05217670000002,8.148921240603757,872.53905,53.478659730904695,854.86803,55.965928182502246,0,0,120,0,0.9754943269999998,0.011432104166312667
mixed_services,ready_scan,1,10,120,2311.99226,107.16863455742386,52.0002727,2.325201851932147,2203.32641,100.90869293175064,2184.97303,93.70794736080646,0,0,120,0,1,0
mixed_services,ready_scan,3,10,120,756.32521,11.606861145838597,158.6950423,2.3992635887286595,726.27279,16.032678852438984,702.9640899999999,17.671394498922705,106.4,5.699902533279748,226.4,5.699902533279748,0.9990469299999999,0.0021916979164768265
mixed_services,ready_scan,6,10,120,759.52461,31.798309857826283,158.22288659999998,6.089176191426174,727.1539300000001,26.76318789008721,705.57637,17.896964617998467,3781.1,606.2548877237106,3901.1,606.2548877237106,0.7228013860000001,0.12161545793862429
mixed_services,retry_tail,1,10,120,2303.28344,65.04918891015737,52.1364336,1.4519526853409976,2191.74731,71.67649997053046,2172.93217,75.89799102385973,0,0,120,0,1,0
mixed_services,retry_tail,3,10,120,906.5456399999999,67.05609605338233,132.9616967,8.90718877012954,858.4448199999999,59.80766953584168,841.72222,63.72618827422349,220.2,50.51248470537865,340.2,50.51248470537865,0.9936384839999999,0.003963796223967335
mixed_services,retry_tail,6,10,120,828.6159299999999,61.120195845146,145.48660520000004,10.05793712644482,782.72674,49.236423254339286,760.60848,49.91351925898767,1358.3,152.54292656312992,1478.3,152.54292656312992,0.963157735,0.01817199205621739
multi_ward,fifo_blocking,1,10,120,1294.96956,67.10904163211129,92.8705683,4.383976672939969,1230.8631799999998,67.15697876835206,1220.3645999999999,67.10804376272642,0,0,120,0,1,0
multi_ward,fifo_blocking,3,10,120,513.56844,19.350575155689814,233.9669543,9.083653262841162,486.94341000000003,18.47970943491207,476.35874,18.186765433456163,0,0,120,0,0.9978397389999998,0.001380700487373083
multi_ward,fifo_blocking,6,10,120,337.03154,10.482053329720815,356.3646229,11.25201753203055,317.14449,9.784062356080248,306.70452000000006,9.915851747110121,0,0,120,0,0.9799251800000001,0.013721782119885168
multi_ward,ready_scan,1,10,120,1332.2953499999999,79.36435670497106,90.35152680000002,5.2517846813106335,1264.4430099999997,74.88270712069124,1252.9980200000002,74.55643143075217,0,0,120,0,1,0
multi_ward,ready_scan,3,10,120,431.67116000000004,9.137991976626415,278.10135269999995,5.878262347723699,402.42066,5.520214284729663,391.7743,5.177104240360205,66,13.182479955523458,186,13.182479955523458,0.9995837170000001,0.0004803237440414541
multi_ward,ready_scan,6,10,120,211.03195999999997,1.9939678706873225,568.6793538,5.304511057598992,200.30693000000002,1.5320984738078847,189.87772999999999,1.5189222312401574,248.6,9.264028401414917,368.6,9.264028401414917,1,0
multi_ward,retry_tail,1,10,120,1334.91379,82.00905109203835,90.1941697,5.440428289379696,1268.78775,79.04197312042156,1258.01898,78.71742739049165,0,0,120,0,1,0
multi_ward,retry_tail,3,10,120,466.88680000000005,13.829288377369405,257.2227922,7.550932470446764,440.1345300000001,11.753036387537383,429.33466,11.178121938680043,64.1,10.03826014141229,184.1,10.03826014141229,0.9992924820000001,0.0005901151304769175
multi_ward,retry_tail,6,10,120,294.87566000000004,8.549151095375233,407.2505715,11.476724672748322,274.23762,7.82164092627343,263.74455,7.746410886375415,264.9,28.27032209068569,384.9,28.27032209068569,0.99194013,0.006671169933823882
pharmacy_hotspot,fifo_blocking,1,10,120,1280.6951900000001,56.18750267022514,93.84656079999999,3.7355741173423653,1214.6182199999998,52.50305928889186,1204.0355000000002,52.060793400258895,0,0,120,0,1,0
pharmacy_hotspot,fifo_blocking,3,10,120,1006.44217,10.034937282652928,119.24234630000001,1.1654889354661464,949.84248,12.632864889978242,939.4859700000001,12.632653306240417,0,0,120,0,0.9383405550000001,0.05865837782852434
pharmacy_hotspot,fifo_blocking,6,10,120,1015.6446300000001,28.692032915158762,118.2331334,3.2086148270917003,956.3701199999999,29.428222524108456,945.9233600000001,29.469136895636705,0,0,120,0,0.807132835,0.07331829454085648
pharmacy_hotspot,ready_scan,1,10,120,1314.6717500000002,84.81611436601801,91.6013506,5.578874392245907,1247.57846,77.85419832499151,1236.5052900000003,76.67952374523824,0,0,120,0,1,0
pharmacy_hotspot,ready_scan,3,10,120,1030.4675000000002,25.767949478330202,116.5161717,2.8521161886000472,966.2905699999999,25.02634095801419,955.63239,24.936876748856633,1005.1,104.10619578103889,1125.1,104.10619578103889,0.6715934960000001,0.13733073799577128
pharmacy_hotspot,ready_scan,6,10,120,1062.0788499999999,81.3953315864443,113.52492270000002,7.834364205293794,990.9156600000002,67.90102323704865,978.87078,64.36106668403052,3083,419.6352913873877,3203,419.6352913873877,0.47397215499999995,0.20393732833974823
pharmacy_hotspot,retry_tail,1,10,120,1349.60381,79.29428799116263,89.18884840000001,5.183594199726116,1282.75716,79.35041290058787,1271.22275,78.34859421839255,0,0,120,0,1,0
pharmacy_hotspot,retry_tail,3,10,120,1083.8534799999998,58.98608483746727,111.0064163,5.934032954057038,1017.4215700000001,58.462038595904254,1005.7108900000001,57.14683736923192,881.9,142.55716202437688,1001.9,142.55716202437688,0.7480750360000001,0.1904860429322443
pharmacy_hotspot,retry_tail,6,10,120,1030.7618499999999,26.46091220151172,116.4862239,2.9214920675877813,961.73933,16.881260368168277,950.82407,16.488142416432353,2764.8,162.00054869591577,2884.8,162.00054869591577,0.563257405,0.10803370862801215
ward_delivery,fifo_blocking,1,10,120,1292.0853399999999,41.23671872300759,92.95692310000001,2.9181293282849494,1224.1857599999998,35.684791310591194,1213.64921,35.61110887088932,0,0,120,0,1,0
ward_delivery,fifo_blocking,3,10,120,630.30643,20.334512061957344,190.5584462,6.024159392224072,594.3748699999999,18.40224122811918,583.11839,16.9170267812869,0,0,120,0,0.9904895249999999,0.008337381204387404
ward_delivery,fifo_blocking,6,10,120,503.48615,34.003712283522155,239.2741747,15.411842238420151,470.41442000000006,32.638071912510725,459.93365000000006,32.43579614271348,0,0,120,0,0.95162192,0.01779985523058917
ward_delivery,ready_scan,1,10,120,1298.91899,63.62181287637566,92.56574429999999,4.113853887963345,1234.46747,63.90799330106525,1223.1843900000001,64.22485255666568,0,0,120,0,1,0
ward_delivery,ready_scan,3,10,120,422.06190000000004,6.469845713083977,284.3774257,4.272309896148877,401.02898999999996,6.626549338573998,390.61394999999993,6.671520160811258,103.6,5.719362823873924,223.6,5.719362823873924,1,0
ward_delivery,ready_scan,6,10,120,426.81618,11.170029990290987,281.31859249999997,7.097800643742787,404.38209,7.847191250157953,393.40894,7.524699652507367,2216.3,175.81559152197573,2336.3,175.81559152197573,0.623060126,0.10661178985308155
ward_delivery,retry_tail,1,10,120,1308.87823,68.13312916368704,91.89533049999999,4.56705654190988,1242.18407,65.81082318762961,1231.73195,65.82672695852091,0,0,120,0,1,0
ward_delivery,retry_tail,3,10,120,559.2081999999998,63.52150221185823,216.61774580000002,19.922035041696716,526.8733300000001,57.3774716013185,515.7144000000001,55.231127989748664,196.4,21.140797840510498,316.4,21.140797840510498,0.998876926,0.0008547950142864145
ward_delivery,retry_tail,6,10,120,469.94509,15.849776130451957,255.6094821,8.585729443721247,439.83621999999997,12.636600094680881,428.69703,12.557351275474723,904.4,45.702419094738424,1024.4,45.702419094738424,0.969454092,0.020023151075132892
